ID	depth	layer	OceanRegion	Latitude	Longitude	OceanRegion_Layer	cluster	x	y	ENV_Depth	ENV_Temperature	ENV_Salinity	ENV_Chlorophyll	ENV_Fluorescence	ENV_NO2	ENV_NO3_cruise_and_WOA13	ENV_PO4_cruise_and_PO4_WOA13	ENV_SiO4cruise_and_SiO4_WOA13
Hotmix_HM002_2000m	2000	BAT	MS	34.073	33.514	MS_BAT	2	3.7534453868866	-1.56257879734039	2000	13.933	38.779	0	0.02	NA	4.73	0.17	8.43
Hotmix_HM003_1000m	1000	MES	MS	34.073	33.514	MS_MES	10	16.1304779052734	-2.64863038063049	1000	13.75	38.752	0	0.01	NA	5.4	0.19	8.99
Hotmix_HM004_130m	130	DCM	MS	34.073	33.514	MS_DCM	8	5.48932647705078	-4.26844835281372	130	17.651	39.215	NA	0.12	NA	NA	NA	NA
Hotmix_HM005_35m	35	EPI	MS	34.073	33.514	MS_EPI	24	8.24019145965576	7.8016529083252	35	18.481	39.216	NA	0.03	NA	0	0.01	0.75
Hotmix_HM006_3m	3	SRF	MS	34.073	33.514	MS_SRF	3	3.38116359710693	-2.65823245048523	3	19.826	39.21	NA	0.02	NA	0.07	0.01	0.72
Hotmix_HM007_575m	575	MES	MS	34.073	33.514	MS_MES	31	9.62761688232422	4.34632015228271	575	13.912	38.801	0	0.01	NA	5.82	0.22	8.11
Hotmix_HM008_200m	200	MES	MS	34.073	33.514	MS_MES	7	15.4113168716431	-2.28780317306519	200	16.91	39.17	0	0.05	NA	1.02	0.05	1.08
Hotmix_HM010_25m	25	EPI	MS	34.073	31.413	MS_EPI	35	6.63848400115967	11.0780591964722	25	18.802	38.925	NA	0.03	NA	0.02	0	0.68
Hotmix_HM011_2000m	2000	BAT	MS	33.666	29.344	MS_BAT	31	9.46368503570557	3.96112704277039	2000	13.926	38.775	0	0.01	NA	4.77	0.17	8.36
Hotmix_HM012_1250m	1250	BAT	MS	33.666	29.344	MS_BAT	1	-8.04578113555908	0.845554828643799	1250	13.78	38.753	0	0.01	NA	5.2	0.19	8.7
Hotmix_HM013_200m	200	MES	MS	33.666	29.344	MS_MES	13	4.14970016479492	3.2037296295166	200	17.144	38.999	0	0.04	NA	0.63	0.01	0.78
Hotmix_HM014_750m	750	MES	MS	33.666	29.344	MS_MES	21	13.2131481170654	2.17708563804626	750	13.916	38.802	0	0.01	NA	5.72	0.21	7.94
Hotmix_HM015_120m	120	DCM	MS	33.666	29.344	MS_DCM	9	4.57239866256714	-3.82732534408569	120	17.797	39.048	NA	0.13	NA	0.04	0.01	0.66
Hotmix_HM018_2630m	2630	BAT	MS	34.073	27.226	MS_BAT	18	0.686618208885193	5.97289133071899	2630	13.932	38.751	0	0.02	NA	4.68	0.16	7.86
Hotmix_HM019_2000m	2000	BAT	MS	34.073	27.226	MS_BAT	13	4.02951002120972	3.3236768245697	2000	13.917	38.774	0	0.01	NA	4.83	0.18	8.11
Hotmix_HM020_1250m	1250	BAT	MS	34.073	27.226	MS_BAT	28	3.32298183441162	4.63680028915405	1250	13.798	38.762	0	0.01	NA	5.18	0.2	8.36
Hotmix_HM021_118m	118	DCM	MS	34.073	27.226	MS_DCM	8	5.58609199523926	-4.2587513923645	118	16.606	39.033	NA	0.22	NA	0.11	0.02	0.66
Hotmix_HM022_50m	50	EPI	MS	34.073	27.226	MS_EPI	25	7.80028867721558	5.91330003738403	50	17.672	38.903	NA	0.04	NA	0.05	0.02	0.56
Hotmix_HM023_3m	3	SRF	MS	34.073	27.226	MS_SRF	16	1.15348339080811	4.61192417144775	3	18.906	38.684	NA	0.02	NA	0.05	0.01	0.5
Hotmix_HM024_550m	550	MES	MS	34.073	27.226	MS_MES	31	9.47725296020508	3.95013093948364	550	14.081	38.846	0	0.01	NA	5.76	0.22	7.17
Hotmix_HM025_200m	200	MES	MS	34.073	27.226	MS_MES	17	1.47872507572174	4.06306123733521	200	16.201	39.128	0	0.02	NA	1.01	0.04	1.1
Hotmix_HM027_2000m	2000	BAT	MS	34.073	25.231	MS_BAT	2	3.76497602462769	-1.54614150524139	2000	13.918	38.773	0	0.01	NA	4.95	0.19	8.79
Hotmix_HM028_825m	825	MES	MS	34.073	25.231	MS_MES	29	3.47266221046448	4.71080017089844	825	13.902	38.8	0	0.01	NA	5.61	0.24	8.53
Hotmix_HM029_100m	100	DCM	MS	34.073	25.231	MS_DCM	21	13.2622032165527	2.16358971595764	100	17.419	39.102	NA	0.19	NA	0.17	0.02	0.7
Hotmix_HM030_50m	50	EPI	MS	34.073	25.231	MS_EPI	26	3.6010570526123	10.2863054275513	50	18.018	39.141	NA	0.04	NA	0.02	0.01	0.65
Hotmix_HM031_3m	3	SRF	MS	34.073	25.231	MS_SRF	24	8.37357044219971	7.10803651809692	3	18.943	38.866	NA	0.02	NA	0.02	0.01	0.69
Hotmix_HM033_200m	200	MES	MS	34.073	25.231	MS_MES	6	2.74022626876831	3.82531428337097	200	16.744	39.157	0	0.02	NA	0.63	0.05	0.95
Hotmix_HM034_2600m	2600	BAT	MS	34.073	23.208	MS_BAT	2	3.59154033660889	-1.72671902179718	2600	13.853	38.736	0	0.01	NA	4.65	0.17	7.87
Hotmix_HM035_2000m	2000	BAT	MS	34.073	23.208	MS_BAT	18	0.797498881816864	6.07946920394897	2000	13.816	38.746	0	0.01	NA	4.72	0.19	7.81
Hotmix_HM036_1100m	1100	BAT	MS	34.073	23.208	MS_BAT	22	12.3932800292969	1.88485538959503	1100	13.742	38.751	0	0.01	NA	5.1	0.22	8.1
Hotmix_HM037_90m	90	DCM	MS	34.073	23.208	MS_DCM	9	4.6071662902832	-3.88467240333557	90	15.868	39.003	NA	0.22	NA	1.09	0.03	1.27
Hotmix_HM038_50m	50	EPI	MS	34.073	23.208	MS_EPI	6	2.79682683944702	3.82942843437195	50	16.748	38.895	NA	0.06	NA	0.02	0.02	0.82
Hotmix_HM039_3m	3	SRF	MS	34.073	23.208	MS_SRF	16	1.14599525928497	4.53243970870972	3	18.607	38.736	NA	0.02	NA	0.01	0.01	0.75
Hotmix_HM040_705m	705	MES	MS	34.073	23.208	MS_MES	29	3.55768394470215	4.76279449462891	705	13.794	38.774	0	0.01	NA	5.38	0.21	7.7
Hotmix_HM042_2421m	2421	BAT	MS	34.673	21.373	MS_BAT	35	6.61125326156616	11.001561164856	2421	13.857	38.738	0	0.01	NA	4.69	0.17	7.67
Hotmix_HM043_2000m	2000	BAT	MS	34.673	21.373	MS_BAT	18	0.856475710868835	6.15157461166382	2000	13.819	38.745	0	0.01	NA	4.71	0.18	7.78
Hotmix_HM044_1000m	1000	MES	MS	34.673	21.373	MS_MES	31	9.5351505279541	4.16598749160767	1000	13.904	38.798	0	0.01	NA	5.33	0.23	7.8
Hotmix_HM045_110m	110	DCM	MS	34.673	21.372	MS_DCM	8	5.33052396774292	-4.31622123718262	110	16.533	38.969	NA	0.18	NA	0.15	0.02	0.77
Hotmix_HM046_50m	50	EPI	MS	34.673	21.372	MS_EPI	4	1.90412604808807	-2.03004908561707	50	16.924	38.933	NA	0.05	NA	0.01	0.01	0.74
Hotmix_HM047_3m	3	SRF	MS	34.673	21.372	MS_SRF	28	3.09395575523376	4.65660667419434	3	18.426	38.901	NA	0.02	NA	0.01	0.01	0.72
Hotmix_HM048_500m	500	MES	MS	34.673	21.372	MS_MES	31	9.0020227432251	4.13858985900879	500	14.426	38.925	0	0.01	NA	4.65	0.13	5.21
Hotmix_HM049_200m	200	MES	MS	34.673	21.372	MS_MES	13	3.98537254333496	3.37023591995239	200	NA	NA	0	NA	NA	NA	NA	NA
Hotmix_HM050_3167m	3167	BAT	MS	35.951	19.772	MS_BAT	17	1.8505357503891	4.22928094863892	3167	13.936	38.731	0	0.01	NA	4.63	0.17	7.65
Hotmix_HM051_2000m	2000	BAT	MS	35.951	19.772	MS_BAT	17	1.834113240242	4.16078758239746	2000	13.818	38.744	0	0.01	NA	4.78	0.19	7.87
Hotmix_HM052_900m	900	MES	MS	35.951	19.772	MS_MES	31	9.45362663269043	4.01616382598877	900	13.89	38.794	0	0.01	NA	5.37	0.22	7.98
Hotmix_HM053_100m	100	DCM	MS	35.951	19.772	MS_DCM	8	5.67668437957764	-4.22098684310913	100	16.664	38.967	NA	0.22	NA	0.05	0.01	0.74
Hotmix_HM054_50m	50	EPI	MS	35.951	19.772	MS_EPI	31	9.57512950897217	4.26593208312988	50	16.614	38.722	NA	0.04	NA	0.01	0.01	0.76
Hotmix_HM055_3m	3	SRF	MS	35.951	19.772	MS_SRF	24	8.13191604614258	7.65395832061768	3	17.756	38.523	NA	0.02	NA	0.01	0.01	0.79
Hotmix_HM056_500m	500	MES	MS	35.951	19.772	MS_MES	16	1.36900532245636	4.56588888168335	500	14.381	38.904	0	0.01	NA	4.87	0.16	4.77
Hotmix_HM057_200m	200	MES	MS	35.951	19.772	MS_MES	0	3.74227142333984	3.72464084625244	200	15.658	39.019	0	0.01	NA	1.77	0.09	1.27
Hotmix_HM058_1500m	1500	BAT	MS	37.715	19.772	MS_BAT	6	2.08220911026001	4.97983884811401	1500	13.78	38.746	0	0.01	NA	5	0.2	7.8
Hotmix_HM059_3300m	3300	BAT	MS	37.715	19.772	MS_BAT	17	1.26043438911438	4.28189611434937	3300	14.008	38.732	0	0.01	NA	4.67	0.16	7.38
Hotmix_HM060_50m	50	EPI	MS	37.715	19.772	MS_EPI	18	0.771152853965759	5.99729299545288	50	16.115	38.487	NA	0.05	NA	0.04	0	0.8
Hotmix_HM061_1200m	1200	BAT	MS	39.026	19.161	MS_BAT	7	15.3592662811279	-1.3832905292511	1200	13.71	38.755	0	0.01	NA	4.3	0.15	6.53
Hotmix_HM062_900m	900	MES	MS	39.026	19.161	MS_MES	28	2.86686992645264	4.85673713684082	900	13.773	38.762	0	0.01	NA	5.03	0.2	7.69
Hotmix_HM063_500m	500	MES	MS	39.026	19.161	MS_MES	31	8.98290920257568	4.14252948760986	500	14.247	38.866	0	0.01	NA	4.75	0.17	4.55
Hotmix_HM064_200m	200	MES	MS	39.026	19.161	MS_MES	1	-8.04984760284424	0.841421961784363	200	14.77	38.897	0	0.02	NA	3.24	0.11	2.23
Hotmix_HM065_92m	92	DCM	MS	39.026	19.161	MS_DCM	22	12.5409488677979	2.32983469963074	92	15.101	38.702	NA	0.37	NA	0.87	0.04	0.99
Hotmix_HM066_50m	50	EPI	MS	39.026	19.161	MS_EPI	19	0.821433842182159	6.63784837722778	50	16.065	38.629	NA	0.05	NA	0.02	0.02	0.77
Hotmix_HM067_3m	3	SRF	MS	39.026	19.161	MS_SRF	16	1.06938111782074	4.69477844238281	3	17.669	38.667	NA	0.02	NA	0	0	0.73
Hotmix_HM068_2500m	2500	BAT	MS	37.815	18.173	MS_BAT	3	3.3866286277771	-2.6442596912384	2500	13.851	38.737	0	0.01	NA	4.45	0.16	6.63
Hotmix_HM069_2000m	2000	BAT	MS	37.815	18.173	MS_BAT	3	3.39823842048645	-2.64085698127747	2000	13.807	38.741	0	0.01	NA	4.58	0.18	6.72
Hotmix_HM070_1000m	1000	MES	MS	37.815	18.173	MS_MES	28	2.89418792724609	4.81402254104614	1000	13.802	38.766	0	0.01	NA	NA	NA	NA
Hotmix_HM071_86m	86	DCM	MS	37.815	18.173	MS_DCM	0	1.91906630992889	-1.60466027259827	86	15.177	38.777	NA	0.3	NA	1.18	0.02	1.14
Hotmix_HM072_50m	50	EPI	MS	37.815	18.173	MS_EPI	18	0.835835874080658	6.14640331268311	50	15.748	38.583	NA	0.06	NA	0	0.01	0.85
Hotmix_HM073_3m	3	SRF	MS	37.815	18.173	MS_SRF	0	1.69950127601624	4.53850746154785	3	17.776	38.587	NA	0.02	NA	0	0.01	0.83
Hotmix_HM074_500m	500	MES	MS	37.815	18.173	MS_MES	23	8.65337085723877	5.83275651931763	500	14.162	38.856	0	0.01	NA	5.06	0.21	5.14
Hotmix_HM075_200m	200	MES	MS	37.815	18.173	MS_MES	0	3.97197556495667	-3.79668545722961	200	14.947	38.966	0	0.01	NA	3.28	0.12	2.38
Hotmix_HM076_2000m	2000	BAT	MS	36	17.417	MS_BAT	28	2.89390563964844	4.74866962432861	2000	13.821	38.742	0	0.01	NA	4.71	0.21	7.55
Hotmix_HM077_3000m	3000	BAT	MS	36	17.417	MS_BAT	31	9.35657501220703	4.45877885818481	3000	13.912	38.729	0	0.01	NA	4.61	0.19	7.28
Hotmix_HM078_1000m	1000	MES	MS	36	17.417	MS_MES	2	3.66862607002258	-1.71880292892456	1000	13.821	38.762	0	0.01	NA	5.33	0.24	7.95
Hotmix_HM079_120m	120	DCM	MS	36	17.416	MS_DCM	8	5.68278503417969	-4.22076463699341	120	16.148	38.788	NA	0.23	NA	0.26	0.01	0.75
Hotmix_HM080_50m	50	EPI	MS	36	17.416	MS_EPI	16	0.994915962219238	4.8075098991394	50	17.252	38.536	NA	0.04	NA	0.01	0.01	0.76
Hotmix_HM081_3m	3	SRF	MS	36	17.416	MS_SRF	25	7.93505191802979	6.50368309020996	3	18.342	38.529	NA	0.02	NA	0	0.01	0.76
Hotmix_HM083_200m	200	MES	MS	36	17.416	MS_MES	4	2.15372538566589	-2.27162218093872	200	15.537	38.889	0	0.02	NA	1.51	0.01	0.9
Hotmix_HM084_300m	300	MES	MS	36	13	MS_MES	12	-0.492977380752563	6.61575889587402	300	14.856	38.872	0	0.01	NA	3.88	0.15	3
Hotmix_HM085_95m	95	DCM	MS	36	13	MS_DCM	2	3.79231858253479	-1.51740837097168	95	15.036	37.341	NA	0.31	NA	0.83	0.08	1.04
Hotmix_HM086_3m	3	SRF	MS	36	13	MS_SRF	23	8.76550197601318	5.82505655288696	3	17.707	37.243	NA	0.03	NA	0	-0.01	1.01
Hotmix_HM087_400m	400	MES	MS	37.845	11.419	MS_MES	4	2.01999187469482	-2.20749378204346	400	14.182	38.783	0	0.02	NA	5.43	0.22	5.19
Hotmix_HM088_40m	40	DCM	MS	37.845	11.419	MS_DCM	29	3.39791774749756	4.64861249923706	40	14.872	37.35	NA	0.28	NA	1.71	0.07	1.32
Hotmix_HM089_3m	3	SRF	MS	37.845	11.419	MS_SRF	13	4.28125667572021	3.07395362854004	3	18.029	37.283	NA	0.04	NA	0.01	0	1.12
Hotmix_HM090_3165m	3165	BAT	MS	39.579	11.413	MS_BAT	4	1.9058256149292	-1.97604477405548	3165	13.487	38.498	0	0.02	NA	8.18	0.33	8.99
Hotmix_HM091_2000m	2000	BAT	MS	39.579	11.413	MS_BAT	3	3.44633412361145	-2.59082722663879	2000	13.422	38.534	0	0.02	NA	7.73	0.34	8.96
Hotmix_HM092_900m	900	MES	MS	39.579	11.413	MS_MES	3	3.45212340354919	-2.5205237865448	900	13.729	38.659	0	0.01	NA	6.96	0.31	7.64
Hotmix_HM093_75m	75	DCM	MS	39.579	11.412	MS_DCM	20	12.9160537719727	3.37079191207886	75	14.343	38.316	NA	0.27	NA	0.08	0.01	1.52
Hotmix_HM094_50m	50	EPI	MS	39.579	11.412	MS_EPI	31	8.60583114624023	4.2254695892334	50	14.985	38.175	NA	0.06	NA	0.05	0.01	1.6
Hotmix_HM095_3m	3	SRF	MS	39.579	11.412	MS_SRF	16	1.17781984806061	4.49287939071655	3	19.165	37.809	NA	0.03	NA	0.09	0	1.2
Hotmix_HM096_650m	650	MES	MS	39.583	11.417	MS_MES	4	1.98794949054718	-2.18903779983521	650	13.933	38.714	0	0.01	NA	5.42	NA	6.81
Hotmix_HM097_200m	200	MES	MS	39.583	11.417	MS_MES	24	8.20631694793701	7.82411670684814	200	14.031	38.588	0	0.03	NA	4.4	NA	3.58
Hotmix_HM098_75m	75	DCM	MS	41.25	10.584	MS_DCM	31	8.63734722137451	4.32780170440674	75	14.013	38.461	NA	0.49	NA	2.62	0.03	1.93
Hotmix_HM100_3m	3	SRF	MS	41.25	10.584	MS_SRF	23	8.69231224060059	5.80678749084473	3	16.273	38.275	NA	0.04	NA	0.01	0	1.1
Hotmix_HM101_1407m	1407	BAT	MS	41.25	10.584	MS_BAT	25	7.69453144073486	5.71719169616699	1407	13.373	38.546	0	0.02	NA	7.66	0.22	9.49
Hotmix_HM102_1000m	1000	MES	MS	41.25	10.584	MS_MES	28	2.85951733589172	4.85190010070801	1000	13.554	38.611	0	0.01	NA	7.29	0.27	8.66
Hotmix_HM103_525m	525	MES	MS	41.25	10.584	MS_MES	24	7.89075374603271	7.44701957702637	525	13.887	38.7	0	0.01	NA	6.93	0.27	6.87
Hotmix_HM104_400m	400	MES	MS	41.25	10.584	MS_MES	2	3.64238047599792	-1.72564053535461	400	13.953	38.695	0	0.01	NA	6.78	0.26	5.66
Hotmix_HM105_1500m	1500	BAT	MS	41.489	7.492	MS_BAT	0	3.62712812423706	3.89982628822327	1500	13.132	38.477	0	0.01	NA	8.31	0.34	8.51
Hotmix_HM106_50m	50	EPI	MS	41.489	7.492	MS_EPI	14	9.82933235168457	7.28797149658203	50	13.976	38.101	NA	0.37	NA	0.09	0	1.31
Hotmix_HM107_2881m	2881	BAT	MS	40.182	6.492	MS_BAT	28	2.76247024536133	4.7710223197937	2881	13.364	38.49	0	0.01	NA	8.38	0.32	8.39
Hotmix_HM108_2000m	2000	BAT	MS	40.182	6.492	MS_BAT	29	2.65178656578064	4.40038967132568	2000	13.205	38.479	0	0.01	NA	8.42	0.31	8.35
Hotmix_HM109_1000m	1000	MES	MS	40.182	6.492	MS_MES	3	3.47624135017395	-2.47895383834839	1000	13.254	38.528	0	0.01	NA	8.34	0.27	8.3
Hotmix_HM110_60m	60	DCM	MS	40.182	6.492	MS_DCM	30	11.7700605392456	4.25631475448608	60	14.229	37.961	NA	0.83	NA	0.16	0	0.83
Hotmix_HM111_50m	50	EPI	MS	40.182	6.492	MS_EPI	13	4.32410478591919	3.01863384246826	50	14.691	37.994	NA	0.2	NA	0	0	0.76
Hotmix_HM112_3m	3	SRF	MS	40.182	6.492	MS_SRF	14	9.76591205596924	7.23254251480103	3	16.391	37.913	NA	0.03	NA	0.02	0	0.72
Hotmix_HM113_600m	600	MES	MS	40.182	6.492	MS_MES	28	3.3056104183197	4.72303915023804	600	13.48	38.593	0	0.01	NA	8.45	0.31	7.34
Hotmix_HM114_350m	350	MES	MS	40.182	6.492	MS_MES	4	1.8159487247467	-2.00499105453491	350	13.829	38.672	0	0.01	NA	7.62	0.24	5.89
Hotmix_HM115_2885m	2885	BAT	MS	38.6	7.025	MS_BAT	6	2.16183376312256	4.89087438583374	2885	13.363	38.489	0	0.01	NA	8.74	0.37	9.05
Hotmix_HM116_2000m	2000	BAT	MS	38.6	7.025	MS_BAT	35	6.45175647735596	11.0696611404419	2000	13.204	38.479	0	0.01	NA	8.75	0.37	8.93
Hotmix_HM117_1000m	1000	MES	MS	38.6	7.025	MS_MES	17	1.67412197589874	4.06284713745117	1000	13.143	38.496	0	0.01	NA	9.02	0.34	9.08
Hotmix_HM118_60m	60	DCM	MS	38.6	7.025	MS_DCM	2	3.80176615715027	-1.50098502635956	60	14.704	37.536	NA	0.54	NA	1.65	0.03	1.33
Hotmix_HM119_50m	50	EPI	MS	38.6	7.025	MS_EPI	23	8.69670295715332	5.80784273147583	50	15.21	37.436	NA	0.21	NA	0.02	0.01	1.19
Hotmix_HM120_3m	3	SRF	MS	38.6	7.025	MS_SRF	29	2.98561882972717	4.25252056121826	3	16.786	37.683	NA	0.03	NA	0.03	0.01	0.95
Hotmix_HM121_600m	600	MES	MS	38.6	7.025	MS_MES	24	8.10968589782715	7.18570852279663	600	13.292	38.542	0	0.01	NA	9.39	0.42	8.43
Hotmix_HM122_400m	400	MES	MS	38.6	7.025	MS_MES	5	1.14232921600342	-2.53666639328003	400	13.42	38.557	0	0.02	NA	9.74	0.42	7.06
Hotmix_HM123_2861m	2861	BAT	MS	38.413	5.215	MS_BAT	35	6.2333779335022	11.3031196594238	2861	13.359	38.489	0	0.01	NA	8.68	0.39	8.6
Hotmix_HM124_2000m	2000	BAT	MS	38.413	5.215	MS_BAT	29	2.62804436683655	4.41557550430298	2000	13.202	38.479	0	0.01	NA	8.53	0.38	8.77
Hotmix_HM125_1000m	1000	MES	MS	38.413	5.215	MS_MES	5	1.68225312232971	-2.36507129669189	1000	13.149	38.497	0	0.01	NA	9.05	0.39	8.73
Hotmix_HM126_65m	65	DCM	MS	38.413	5.215	MS_DCM	25	7.7556037902832	5.80725240707397	65	15.438	37.134	NA	0.36	NA	0.14	0.04	1.12
Hotmix_HM127_50m	50	EPI	MS	38.413	5.215	MS_EPI	31	8.34595775604248	4.32749652862549	50	16.514	37.099	NA	0.16	NA	0.03	0.03	1.13
Hotmix_HM128_3m	3	SRF	MS	38.413	5.215	MS_SRF	25	7.81803894042969	6.0038537979126	3	18.372	36.84	NA	0.07	NA	0.02	0.02	0.27
Hotmix_HM129_600m	600	MES	MS	38.413	5.215	MS_MES	5	1.03210854530334	-2.5452561378479	600	13.314	38.546	0	0.01	NA	9.18	0.43	8.11
Hotmix_HM130_450m	450	MES	MS	38.413	5.215	MS_MES	12	-0.567243158817291	6.68920803070068	450	13.376	38.544	0	0.02	NA	9.49	0.42	6.68
Hotmix_HM131_2787m	2787	BAT	MS	38	2.266	MS_BAT	2	3.5694522857666	-1.74929285049438	2787	13.348	38.49	0	0.01	NA	8.95	0.4	9.12
Hotmix_HM132_2000m	2000	BAT	MS	38	2.266	MS_BAT	2	3.60519218444824	-1.71255922317505	2000	13.204	38.481	0	0.01	NA	8.9	0.39	9.32
Hotmix_HM133_1000m	1000	MES	MS	38	2.266	MS_MES	4	1.92992055416107	-2.07412171363831	1000	13.091	38.483	0	0.01	NA	9.16	0.42	9.2
Hotmix_HM134_60m	60	DCM	MS	38	2.266	MS_DCM	25	7.81266689300537	5.92079639434814	60	14.759	37.633	NA	0.69	NA	0.21	0.01	1.23
Hotmix_HM135_50m	50	EPI	MS	38	2.266	MS_EPI	17	1.85761404037476	4.22773838043213	50	15.009	37.523	NA	0.37	NA	0.02	0.01	1.2
Hotmix_HM136_3m	3	SRF	MS	38	2.266	MS_SRF	2	3.7677435874939	-1.53827166557312	3	18.564	37.433	NA	0.05	NA	0.01	0	1.23
Hotmix_HM137_700m	700	MES	MS	38	2.266	MS_MES	5	1.2990825176239	-2.50857996940613	700	13.172	38.512	0	0.01	NA	9.43	0.43	8.83
Hotmix_HM138_400m	400	MES	MS	38	2.266	MS_MES	5	0.982881784439087	-2.52732110023499	400	13.306	38.53	0	0.02	NA	10.33	0.46	7.44
Hotmix_HM139_1500m	1500	BAT	MS	37.01	0	MS_BAT	3	3.38857865333557	-2.64979314804077	1500	13.128	38.478	0	0.01	NA	8.4	0.37	8.53
Hotmix_HM140_80m	80	DCM	MS	37.01	0	MS_DCM	17	1.61080026626587	3.99318075180054	80	13.59	38.217	NA	0.21	NA	4.3	0.11	2.32
Hotmix_HM141_1350m	1350	BAT	MS	36.015	-2.525	MS_BAT	3	3.50852513313293	-2.40000915527344	1350	13.102	38.481	0	0.01	NA	8.52	0.4	9.59
Hotmix_HM142_1000m	1000	MES	MS	36.015	-2.525	MS_MES	0	3.98141884803772	-3.79387593269348	1000	13.074	38.479	0	0.02	NA	8.67	0.41	8.96
Hotmix_HM143_600m	600	MES	MS	36.015	-2.525	MS_MES	5	1.01989114284515	-2.53806209564209	600	13.163	38.508	0	0.01	NA	9.12	0.43	8.25
Hotmix_HM144_400m	400	MES	MS	36.015	-2.525	MS_MES	11	16.0595092773438	-2.24909710884094	400	13.233	38.506	0	0.02	NA	9.38	0.42	7.04
Hotmix_HM145_200m	200	MES	MS	36.015	-2.525	MS_MES	24	8.43190383911133	7.09653663635254	200	13.299	38.357	0	0.02	NA	7.42	0.29	4.39
Hotmix_HM146_75m	75	DCM	MS	36.012	-2.528	MS_DCM	31	8.42775726318359	4.27209997177124	75	14.043	38.123	NA	0.46	NA	0.23	0.02	1.57
Hotmix_HM147_3m	3	SRF	MS	36.012	-2.528	MS_SRF	31	8.41233158111572	4.26822853088379	3	18.769	37.097	NA	0.03	NA	0.04	0.01	0.27
Hotmix_HM148_886m	886	MES	MS	35.986	-5.367	MS_MES	4	1.90286540985107	-2.13312482833862	886	13.078	38.484	0	0.02	NA	NA	NA	NA
Hotmix_HM149_350m	350	MES	MS	35.986	-5.367	MS_MES	0	-0.0388902351260185	6.50777673721313	350	13.222	38.427	0	0.02	NA	9.14	0.42	5.86
Hotmix_HM150_550m	550	MES	MS	35.986	-5.367	MS_MES	5	0.996464788913727	-2.53721618652344	550	13.233	38.509	0	0.02	NA	NA	NA	NA
Hotmix_HM151_200m	200	MES	MS	35.986	-5.367	MS_MES	14	9.19262504577637	6.96902847290039	200	13.397	38.29	0	0.02	NA	6.07	0.27	3.74
Hotmix_HM152_75m	75	DCM	MS	35.987	-5.367	MS_DCM	14	9.80978488922119	7.27452898025513	75	13.94	37.836	NA	0.08	NA	5.1	0.24	3.46
Hotmix_HM153_12m	12	EPI	MS	35.987	-5.367	MS_EPI	1	-8.06196689605713	0.829396724700928	12	16.296	36.237	NA	0.06	NA	1.73	0.16	1.38
Hotmix_HM154_3m	3	SRF	MS	35.987	-5.367	MS_SRF	31	10.5099296569824	3.78297686576843	3	18.231	36.289	NA	0.05	NA	0.09	0	0.85
Hotmix_HM155_1447m	1447	BAT	NAO	36.017	-7.967	NAO_BAT	18	0.35412871837616	6.11746454238892	1447	8.4	35.824	0	0.02	NA	NA	NA	NA
Hotmix_HM156_800m	800	MES	NAO	36.017	-7.967	NAO_MES	24	7.79269599914551	7.54144430160522	800	10.52	35.796	0	0.02	NA	17.16	0.87	9.9
Hotmix_HM157_3518m	3518	BAT	NAO	35.386	-9.615	NAO_BAT	14	9.1406831741333	7.0095591545105	3518	2.521	34.913	0	0.02	NA	21.22	1.35	42.4
Hotmix_HM158_2000m	2000	BAT	NAO	35.386	-9.615	NAO_BAT	31	10.881856918335	3.81018614768982	2000	4.626	35.174	0	0.02	NA	18.41	1.09	19.83
Hotmix_HM159_1250m	1250	BAT	NAO	35.386	-9.615	NAO_BAT	22	12.650276184082	2.37691617012024	1250	9.359	35.899	0	0.02	NA	16.94	0.87	11.84
Hotmix_HM160_75m	75	DCM	NAO	35.386	-9.615	NAO_DCM	1	-8.04179382324219	0.849534511566162	75	16.522	36.35	NA	0.41	NA	0.2	0	0.77
Hotmix_HM161_50m	50	EPI	NAO	35.386	-9.615	NAO_EPI	28	3.26424098014832	4.70617485046387	50	16.857	36.358	NA	0.13	NA	0	0	0.76
Hotmix_HM162_3m	3	SRF	NAO	35.386	-9.615	NAO_SRF	29	2.43000960350037	4.70218229293823	3	18.666	36.522	NA	0.05	NA	0.02	0	0.64
Hotmix_HM163_550m	550	MES	NAO	35.386	-9.615	NAO_MES	12	-0.567813098430634	6.69025945663452	550	11.607	35.635	0	0.02	NA	13.94	0.8	6.16
Hotmix_HM164_200m	200	MES	NAO	35.386	-9.615	NAO_MES	24	8.10844326019287	7.69205951690674	200	14.743	36.053	0	0.02	NA	5.06	0.2	2.37
Hotmix_HM165_4539m	4539	BAT	NAO	34.584	-11.586	NAO_BAT	14	9.0876522064209	7.05399131774902	4539	2.441	34.893	0	0.02	NA	21.42	1.44	44.93
Hotmix_HM166_2000m	2000	BAT	NAO	34.584	-11.586	NAO_BAT	31	10.958643913269	3.75194048881531	2000	4.829	35.205	0	0.02	NA	18.33	1.15	19.53
Hotmix_HM167_1200m	1200	BAT	NAO	34.584	-11.586	NAO_BAT	5	1.24639964103699	-1.89904391765594	1200	10.146	36.019	0	0.02	NA	16.12	0.89	11.12
Hotmix_HM168_85m	85	DCM	NAO	34.584	-11.586	NAO_DCM	0	3.51073694229126	4.03860235214233	85	17.074	36.503	NA	0.34	NA	0.8	0.01	0.99
Hotmix_HM169_50m	50	EPI	NAO	34.584	-11.586	NAO_EPI	6	2.75871515274048	3.89745235443115	50	18.957	36.56	NA	0.05	NA	0.02	0	0.79
Hotmix_HM170_3m	3	SRF	NAO	34.584	-11.586	NAO_SRF	29	2.43769788742065	4.68163633346558	3	18.979	36.565	NA	0.03	NA	0.02	0	0.93
Hotmix_HM171_513m	513	MES	NAO	34.584	-11.585	NAO_MES	12	-0.51964920759201	6.65087890625	513	11.903	35.655	0	0.02	NA	12.97	0.77	5.45
Hotmix_HM172_200m	200	MES	NAO	34.584	-11.585	NAO_MES	6	2.76144862174988	3.86558628082275	200	16.378	36.367	0	0.01	NA	2.67	0.17	1.62
Hotmix_HM173_4082m	4082	BAT	NAO	33.021	-12.241	NAO_BAT	14	9.11980247497559	7.01899433135986	4082	2.389	34.893	0	0.02	NA	22.51	1.45	45.73
Hotmix_HM174_2000m	2000	BAT	NAO	33.021	-12.241	NAO_BAT	0	11.196720123291	4.06279277801514	2000	4.66	35.177	0	0.02	NA	18.79	1.13	18.87
Hotmix_HM175_1250m	1250	BAT	NAO	33.021	-12.241	NAO_BAT	5	1.23159575462341	-1.88206815719604	1250	9.42	35.889	0	0.02	NA	17.44	0.88	11.58
Hotmix_HM176_85m	85	DCM	NAO	33.021	-12.241	NAO_DCM	29	2.70806121826172	4.32657909393311	85	17.12	36.495	NA	0.37	NA	0.62	0	1.03
Hotmix_HM177_50m	50	EPI	NAO	33.021	-12.241	NAO_EPI	28	3.0101010799408	4.57027196884155	50	19.18	36.593	NA	0.07	NA	0	0	0.89
Hotmix_HM178_3m	3	SRF	NAO	33.021	-12.241	NAO_SRF	29	2.78147387504578	4.29546594619751	3	19.249	36.597	NA	0.05	NA	0	0.01	0.91
Hotmix_HM179_550m	550	MES	NAO	33.021	-12.24	NAO_MES	5	1.0174400806427	-2.48597860336304	550	11.889	35.651	0	0.01	NA	14.09	0.8	5.7
Hotmix_HM180_200m	200	MES	NAO	33.021	-12.24	NAO_MES	24	7.84448385238647	7.51748991012573	200	15.992	36.273	0	0.01	NA	4.36	0.22	1.84
Hotmix_HM181_3209m	3209	BAT	NAO	31.25	-12.977	NAO_BAT	24	7.768874168396	7.55504894256592	3209	2.663	34.929	0	0.02	NA	21.67	1.4	39.02
Hotmix_HM182_2000m	2000	BAT	NAO	31.25	-12.977	NAO_BAT	31	11.1111221313477	3.98782277107239	2000	4.639	35.176	0	0.02	NA	19.25	1.13	20.3
Hotmix_HM183_1250m	1250	BAT	NAO	31.25	-12.977	NAO_BAT	18	0.467542797327042	6.05137395858765	1250	8.798	35.749	0	0.02	NA	18.71	0.91	12.97
Hotmix_HM184_70m	70	DCM	NAO	31.25	-12.976	NAO_DCM	17	1.333460688591	4.18495750427246	70	17.8	36.65	NA	0.29	NA	0.46	0	0.89
Hotmix_HM185_50m	50	EPI	NAO	31.25	-12.976	NAO_EPI	28	3.16125392913818	4.63525533676147	50	18.697	36.635	NA	0.09	NA	0.03	0	0.87
Hotmix_HM186_3m	3	SRF	NAO	31.25	-12.976	NAO_SRF	25	7.79609680175781	5.73793697357178	3	19.136	36.668	NA	0.04	NA	0	0	0.89
Hotmix_HM187_555m	555	MES	NAO	31.25	-12.976	NAO_MES	12	-0.52808803319931	6.64832258224487	555	11.829	35.641	0	0.02	NA	15.11	0.94	6.41
Hotmix_HM188_200m	200	MES	NAO	31.25	-12.976	NAO_MES	13	4.03908109664917	3.32596278190613	200	16.879	36.476	0	0.02	NA	2.07	0.15	1.24
MalaDeep_ST103_4000m	4000	BAT	NPO	21.064	-150.319	NPO_BAT	14	9.57403755187988	7.02387428283691	4000	1.48	34.69	0	0.02	NA	37.26	1.98	159.51
MalaDeep_ST109_4000m	4000	BAT	NPO	18.028	-133.26	NPO_BAT	14	9.63578033447266	7.09867572784424	4000	1.48	34.69	0	0.01	NA	19.78	1.87	158.46
MalaDeep_ST10_3944m	3944	BAT	NPO	21.064	-150.319	NPO_BAT	24	8.05364799499512	6.98285531997681	3944	2.39	34.9	0	0.02	NA	22.62	1.47	46.24
MalaDeep_ST112_4000m	4000	BAT	NPO	15.909	-124.474	NPO_BAT	25	7.87615966796875	6.18094110488892	4000	1.49	34.69	0	0.01	NA	26.91	0.87	162.6
MalaDeep_ST118_3200m	3200	BAT	NPO	12.001	-108.076	NPO_BAT	25	7.93375539779663	6.36487770080566	3200	1.69	34.68	0	0.01	NA	19.35	2.13	159.03
MalaDeep_ST121_3000m	3000	BAT	NPO	10.093	-99.246	NPO_BAT	14	9.54930877685547	6.66133880615234	3000	1.84	34.68	0	0.01	NA	30.26	2.28	159.43
MalaDeep_ST131_4000m	4000	BAT	NAO	17.427	-59.828	NAO_BAT	14	9.66762256622314	7.14600419998169	4000	2.31	34.9	0	0.01	NA	NA	NA	NA
MalaDeep_ST134_4000m	4000	BAT	NAO	19.99	-52.637	NAO_BAT	14	9.17766380310059	6.98167181015015	4000	2.26	34.89	0	0.01	NA	NA	NA	NA
MalaDeep_ST23_3942m	3942	BAT	SAO	-15.831	-33.403	SAO_BAT	14	9.63525581359863	7.11998844146729	3942	1.77	34.83	0	0.02	NA	25.07	1.61	63.35
MalaDeep_ST26_3847m	3847	BAT	SAO	-22.955	-36.925	SAO_BAT	25	7.991370677948	6.69793128967285	3847	0.83	34.73	0	0.02	NA	NA	NA	NA
MalaDeep_ST41_4000m	4000	BAT	SAO	-31.832	6.857	SAO_BAT	25	7.9551739692688	6.35927677154541	4000	1.82	34.81	0	0.02	NA	32.26	1.65	66.22
MalaDeep_ST77_4000m	4000	BAT	SPO	-38.621	150.417	SPO_BAT	14	9.45352649688721	6.79372644424438	4000	1.15	34.72	0	0.02	NA	29.73	1.79	NA
MalaDeep_ST97_4000m	4000	BAT	NPO	9.201	-163.495	NPO_BAT	25	7.95600414276123	6.36567735671997	4000	1.45	34.69	0	0.02	NA	37.23	2.57	148.14
MalaSurf_MD1013_3m	3	SRF	IO	-29.354	69.4	IO_SRF	21	13.1837797164917	2.18828177452087	3	25.3	35.58	0.056	0.03	0	0.375	0.006	2.319
MalaSurf_MD1035_3m	3	SRF	IO	-29.561	72.444	IO_SRF	30	10.2962532043457	4.94336032867432	3	24.47	35.79	NA	0.03	0	0.427	0	1.503
MalaSurf_MD1042_3m	3	SRF	IO	-29.904	76.093	IO_SRF	0	1.51472115516663	5.9442195892334	3	24.56	35.69	0.052	0.03	0.008	0.394	0	1.658
MalaSurf_MD1080_3m	3	SRF	IO	-29.828	79.611	IO_SRF	19	0.904370129108429	6.75076770782471	3	23.13	36.03	0.038	0.03	0	0.592	0.025	1.251
MalaSurf_MD1100_3m	3	SRF	IO	-29.811	82.623	IO_SRF	19	0.768821120262146	6.63348865509033	3	22.43	36.14	0.039	0.02	0.007	0.36	0.005	1.076
MalaSurf_MD111_3m	3	SRF	NAO	16.164	-26.026	NAO_SRF	34	6.92783975601196	12.2021684646606	3	26.52	36.41	0.201	0.03	NA	0.204	0.131	0.829
MalaSurf_MD1125_3m	3	SRF	IO	-29.749	86.257	IO_SRF	18	0.519726991653442	6.03067970275879	3	22.48	35.96	0.035	0.02	0	0.123	0.018	2.247
MalaSurf_MD1143_3m	3	SRF	IO	-29.627	92.984	IO_SRF	5	1.24399304389954	-1.88680338859558	3	23.08	35.44	0.049	0.03	0.015	0.058	0.18	2.15
MalaSurf_MD1176_3m	3	SRF	IO	-29.574	96.407	IO_SRF	23	9.4869966506958	6.094482421875	3	21.74	35.79	0.068	0.03	0	0.264	0.006	1.858
MalaSurf_MD1186_3m	3	SRF	IO	-30.333	103.308	IO_SRF	27	4.34007501602173	11.0360279083252	3	21.74	35.57	0.064	0.03	0.002	0.123	0	1.8
MalaSurf_MD1209_3m	3	SRF	IO	-30.328	103.317	IO_SRF	15	5.08135604858398	9.52033996582031	3	21.78	35.76	0.1	0.03	0.005	0.062	0.045	1.299
MalaSurf_MD1222_3m	3	SRF	IO	-30.811	107.237	IO_SRF	26	3.44630241394043	10.209906578064	3	23.05	35.53	0.162	0.04	0.01	0.003	0.039	0.998
MalaSurf_MD1246_3m	3	SRF	IO	-31.134	110.207	IO_SRF	31	10.0886964797974	3.85954236984253	3	22.99	35.49	0.102	0.04	0.006	0.82	0.025	1.998
MalaSurf_MD1254_3m	3	SRF	IO	-31.554	113.467	IO_SRF	35	6.2747540473938	11.9184856414795	3	24.8	35.34	0.119	0.03	0.001	0.785	0.048	1.71
MalaSurf_MD1260_3m	3	SRF	IO	-31.554	113.467	IO_SRF	27	4.72834396362305	10.1565599441528	3	24.8	35.34	0.119	0.03	0.001	0.785	0.048	1.71
MalaSurf_MD1293_3m	3	SRF	IO	-35.983	117.407	IO_SRF	20	12.5837831497192	3.80393528938293	3	21.36	35.54	0.128	0.04	0.007	0.792	0.015	1.283
MalaSurf_MD1302_3m	3	SRF	IO	-36.639	120.856	IO_SRF	15	5.23145008087158	9.32673072814941	3	19.55	35.61	0.105	0.05	0.02	0.096	0.042	0.71
MalaSurf_MD1318_3m	3	SRF	IO	-37.239	124.898	IO_SRF	20	12.8261079788208	3.56754469871521	3	18.18	35.44	0.15	0.06	0	0.361	0	0.501
MalaSurf_MD1324_3m	3	SRF	IO	-37.239	124.898	IO_SRF	26	3.5339834690094	10.2872972488403	3	18.18	35.44	0.15	0.06	0	0.361	0	0.501
MalaSurf_MD1331_3m	3	SRF	IO	-37.889	127.75	IO_SRF	34	6.68091821670532	12.310564994812	3	17.5	35.21	0.172	0.05	0.007	0.218	0.079	0.098
MalaSurf_MD1354_3m	3	SRF	IO	-38.578	131.507	IO_SRF	32	6.23251628875732	13.1530914306641	3	17.63	35.41	0.177	0.03	0.009	0.186	0.173	0.057
MalaSurf_MD1368_3m	3	SRF	IO	-39.243	135.139	IO_SRF	35	6.0289249420166	11.4587869644165	3	16.49	35.27	0.24	0.06	0	0.131	0.227	0.518
MalaSurf_MD1398_3m	3	SRF	IO	-39.867	138.735	IO_SRF	35	6.09609794616699	11.53968334198	3	15.94	35.17	0.355	0.21	0	0.031	0.107	0
MalaSurf_MD141_3m	3	SRF	NAO	14.52	-26	NAO_SRF	34	6.75271654129028	12.1336345672607	3	26.25	36.34	0.259	0.03	NA	NA	NA	NA
MalaSurf_MD1421_3m	3	SRF	IO	-40.55	142.497	IO_SRF	36	6.11880493164062	11.8300457000732	3	15.75	34.99	0.517	0.2	0	0	0.116	0
MalaSurf_MD1425_3m	3	SRF	SPO	-38.621	150.417	SPO_SRF	7	15.5909404754639	-1.53085851669312	3	21.14	35.47	0.355	0.07	0.012	0.052	0.273	0.115
MalaSurf_MD1459_3m	3	SRF	SPO	-36.642	151.006	SPO_SRF	30	11.7034578323364	4.27571964263916	3	21.64	35.58	0.322	0.08	0.005	0.403	0.141	0.378
MalaSurf_MD1475_5m	5	SRF	SPO	-34.056	176.016	SPO_SRF	33	5.12511539459229	11.7222661972046	5	21.04	35.51	0.118	0.04	NA	0.034	0.273	0.182
MalaSurf_MD1479_5m	5	SRF	SPO	-28.406	179.141	SPO_SRF	27	4.71873378753662	10.3456001281738	5	24.23	35.62	NA	0.05	NA	NA	NA	NA
MalaSurf_MD1490_3m	3	SRF	SPO	-25.49	-179.524	SPO_SRF	27	4.71920108795166	10.3439340591431	3	23.99	35.59	0.13	0.04	0.012	0.139	0.086	0.668
MalaSurf_MD1517_3m	3	SRF	SPO	-23.377	-178.211	SPO_SRF	35	6.29613494873047	11.2335376739502	3	26.67	35.28	0.162	0.04	0	0.285	0.255	0.109
MalaSurf_MD1537_3m	3	SRF	SPO	-18.561	-175.823	SPO_SRF	20	13.6213550567627	4.4857816696167	3	28.54	34.57	0.183	0.04	0	0.071	0.031	0.154
MalaSurf_MD1559_3m	3	SRF	SPO	-15.903	-174.487	SPO_SRF	34	6.96776294708252	12.3407278060913	3	29.12	34.43	0.101	0.03	0	0.16	0.037	0.183
MalaSurf_MD1589_3m	3	SRF	SPO	-13.531	-173.372	SPO_SRF	23	9.45142936706543	6.13472318649292	3	29.31	34.95	0.086	0.02	0	0.027	0.089	0.171
MalaSurf_MD1607_3m	3	SRF	SPO	-11.242	-172.63	SPO_SRF	34	7.02796268463135	12.2585802078247	3	29.25	35.2	0.063	0.03	NA	NA	NA	NA
MalaSurf_MD1629_3m	3	SRF	SPO	-9.474	-172.298	SPO_SRF	22	12.6258430480957	2.47004127502441	3	29.14	35.24	0.067	0.03	0	0.07	0.052	0.853
MalaSurf_MD1672_3m	3	SRF	SPO	-3.41	-169.463	SPO_SRF	27	4.38720941543579	10.9487390518188	3	28.13	35.39	0.193	0.12	0.102	2.316	0.299	1.318
MalaSurf_MD1700_3m	3	SRF	SPO	-1.303	-168.354	SPO_SRF	27	4.68192863464355	10.1966638565063	3	27.49	35.39	0.219	0.12	0.313	2.952	0.299	1.615
MalaSurf_MD1724_3m	3	SRF	NPO	1.599	-166.85	NPO_SRF	33	5.16264152526855	11.7561206817627	3	27.22	35.1	0.313	0.14	NA	2.74	0.303	1.564
MalaSurf_MD1744_3m	3	SRF	NPO	3.748	-165.773	NPO_SRF	15	5.13768196105957	9.43659210205078	3	27.58	35	0.353	0.19	0.15	1.785	0.273	1.529
MalaSurf_MD1772_3m	3	SRF	NPO	6.992	-164.372	NPO_SRF	19	1.21149671077728	6.94344806671143	3	27.35	34.83	0.281	0.11	0.002	0.364	0.027	0.833
MalaSurf_MD1798_3m	3	SRF	NPO	9.201	-163.495	NPO_SRF	23	9.46730613708496	6.11180114746094	3	26.89	34.85	0.293	0.08	0	0.057	0.025	0.677
MalaSurf_MD1811_3m	3	SRF	NPO	11.593	-162.41	NPO_SRF	34	6.93117141723633	12.3239374160767	3	26.35	34.57	0.082	0.03	0.002	0.031	0.019	0.473
MalaSurf_MD1857_3m	3	SRF	NPO	21.89	-155.664	NPO_SRF	27	4.43439435958862	10.9179916381836	3	24.65	34.76	0.16	0.02	0	0.064	0.019	1.647
MalaSurf_MD1885_3m	3	SRF	NPO	21.57	-153.418	NPO_SRF	32	6.44967126846313	13.0177659988403	3	24.55	34.94	0.186	0.02	0.033	0.078	0.154	2.181
MalaSurf_MD1887_3m	3	SRF	NPO	21.064	-150.319	NPO_SRF	27	4.65438079833984	10.6449413299561	3	24.02	34.57	0.093	0.02	0	0.027	0.081	0.734
MalaSurf_MD1928_3m	3	SRF	NPO	20.784	-148.269	NPO_SRF	34	7.05410194396973	12.2767372131348	3	23.86	34.61	NA	0.02	0	0.035	0.003	0.408
MalaSurf_MD1956_3m	3	SRF	NPO	19.892	-141.59	NPO_SRF	33	5.14781999588013	11.6958055496216	3	23.39	34.64	0.123	0.08	0.004	0.023	0.171	1.047
MalaSurf_MD1964_3m	3	SRF	NPO	19.279	-138.965	NPO_SRF	33	5.14830636978149	11.7079572677612	3	22.35	34.81	0.096	0.09	0	0.243	0.129	0.679
MalaSurf_MD196_3m	3	SRF	NAO	9.564	-25.993	NAO_SRF	34	6.59690141677856	12.0913019180298	3	27.38	35.47	0.211	0.05	NA	0.521	0.018	1.345
MalaSurf_MD2004_3m	3	SRF	NPO	18.653	-136.178	NPO_SRF	20	13.6197576522827	4.48413228988647	3	22.73	34.71	0.148	0.07	0	0.11	0.147	0.768
MalaSurf_MD2008_3m	3	SRF	NPO	18.028	-133.26	NPO_SRF	36	6.00149440765381	12.1048536300659	3	22.02	34.86	0.14	0.14	0.003	0.034	0.209	0.901
MalaSurf_MD202_3m	3	SRF	NAO	7.324	-25.996	NAO_SRF	35	8.51919078826904	4.07469844818115	3	27.8	35.42	0.245	0.05	NA	0.336	0.017	1.513
MalaSurf_MD2047_3m	3	SRF	NPO	17.37	-130.611	NPO_SRF	36	5.96184825897217	12.1110162734985	3	21.65	34.86	0.175	0.11	0	0.068	0.111	0.588
MalaSurf_MD2051_3m	3	SRF	NPO	15.909	-124.47	NPO_SRF	34	7.04655742645264	12.3003187179565	3	23.44	34.68	0.435	0.15	0.006	0.154	0.125	0.777
MalaSurf_MD2094_3m	3	SRF	NPO	14.529	-118.774	NPO_SRF	34	6.9085259437561	12.3671274185181	3	24.91	34.4	0.206	0.08	0	0.064	0.059	0.044
MalaSurf_MD2111_3m	3	SRF	NPO	13.804	-115.756	NPO_SRF	27	4.67111968994141	10.8531322479248	3	26.28	34.2	0.183	0.2	0	0.068	0.052	0.277
MalaSurf_MD214_3m	3	SRF	NAO	4.989	-26.005	NAO_SRF	35	8.52552223205566	4.09102964401245	3	28.05	35.55	0.439	0.06	NA	0.165	0.029	1.454
MalaSurf_MD2151_3m	3	SRF	NPO	13.205	-113.256	NPO_SRF	0	3.78079628944397	9.6610746383667	3	28.09	34.05	0.346	0.16	0	-0.005	0.059	0.276
MalaSurf_MD2155_3m	3	SRF	NPO	12.001	-108.076	NPO_SRF	27	4.38789558410645	11.0029811859131	3	28.21	34.15	0.319	0.13	0.005	-0.001	0.163	0.521
MalaSurf_MD2215_3m	3	SRF	NPO	11.354	-105.011	NPO_SRF	26	3.4825291633606	10.2484512329102	3	28.31	33.63	0.453	0.49	0.017	0.059	0.229	0.724
MalaSurf_MD2243_3m	3	SRF	NPO	10.759	-102.442	NPO_SRF	36	6.08159732818604	12.0050468444824	3	29.28	33.46	0.185	0.15	0	0.13	0.168	0.454
MalaSurf_MD2247_3m	3	SRF	NPO	10.093	-99.246	NPO_SRF	0	3.7488169670105	9.69570922851562	3	29.05	33.87	0.367	0.06	0	0.213	0.157	0.833
MalaSurf_MD2304_3m	3	SRF	NPO	9.446	-96.341	NPO_SRF	0	3.75919222831726	9.6869421005249	3	28.54	33.94	0.525	0.4	0	0.137	0.143	1.048
MalaSurf_MD2332_3m	3	SRF	NPO	8.142	-90.365	NPO_SRF	16	1.62118256092072	4.54375267028809	3	28.19	34.28	0.21	0.91	0.092	0.367	0.222	0
MalaSurf_MD2340_3m	3	SRF	NPO	7.224	-87.96	NPO_SRF	26	3.53413224220276	10.2816371917725	3	27.77	34.21	0.358	3.51	0.105	3.434	0.197	2.267
MalaSurf_MD2380_3m	3	SRF	NPO	5.912	-84.795	NPO_SRF	34	7.04040193557739	12.2421283721924	3	27.61	33.15	0.312	0.75	0.012	0.201	0.094	1.034
MalaSurf_MD2408_3m	3	SRF	NAO	12.363	-74.039	NAO_SRF	15	5.22520351409912	9.33340930938721	3	28.38	35.71	0.13	0.1	NA	NA	NA	NA
MalaSurf_MD2436_3m	3	SRF	NAO	14.158	-71.673	NAO_SRF	32	6.24157094955444	13.2032318115234	3	28.71	35.57	0.145	0.08	NA	NA	NA	NA
MalaSurf_MD2448_3m	3	SRF	NAO	15.069	-69.295	NAO_SRF	15	5.25947141647339	9.29605960845947	3	28.74	35.58	0.091	0.08	NA	NA	NA	NA
MalaSurf_MD2474_3m	3	SRF	NAO	15.525	-67.014	NAO_SRF	15	5.28032827377319	9.27527809143066	3	29.09	35.54	0.193	0.13	NA	0.553	0.037	1.411
MalaSurf_MD2516_3m	3	SRF	NAO	17.427	-59.828	NAO_SRF	32	6.44291591644287	13.0253791809082	3	28.85	35.53	0.267	0.11	NA	NA	NA	NA
MalaSurf_MD254_3m	3	SRF	NAO	2.457	-26.009	NAO_SRF	20	13.6122064590454	4.4792947769165	3	27.59	35.69	NA	0.05	NA	0.131	0.083	1.502
MalaSurf_MD2562_3m	3	SRF	NAO	18.064	-57.803	NAO_SRF	15	5.13288021087646	9.45187091827393	3	28.49	35.59	0.307	0.07	NA	0.369	0.006	1.213
MalaSurf_MD2594_3m	3	SRF	NAO	18.996	-55.15	NAO_SRF	27	4.54251670837402	10.7904443740845	3	27.94	36.64	0.054	0.08	NA	0.434	0.086	1.056
MalaSurf_MD2624_3m	3	SRF	NAO	19.99	-52.637	NAO_SRF	35	6.67622470855713	11.1346378326416	3	27.57	36.78	0.073	0.08	NA	NA	NA	NA
MalaSurf_MD2662_3m	3	SRF	NAO	20.804	-50.143	NAO_SRF	26	3.44316029548645	10.2046070098877	3	27.05	37.08	0.056	0.07	NA	0.582	0.048	0.817
MalaSurf_MD266_3m	3	SRF	SAO	-3.03	-27.326	SAO_SRF	34	6.586754322052	11.9215698242188	3	27.49	36.17	0.146	0.03	NA	0.428	0.113	1.567
MalaSurf_MD2723_3m	3	SRF	NAO	23.735	-41.902	NAO_SRF	34	6.87533617019653	12.3863477706909	3	25.87	37.47	0.063	0.07	NA	0.16	0.065	0.758
MalaSurf_MD2751_3m	3	SRF	NAO	24.845	-38.71	NAO_SRF	12	-0.578952014446259	6.70067596435547	3	25.03	37.57	0.063	0.06	NA	0.28	0.083	0.797
MalaSurf_MD2761_3m	3	SRF	NAO	26.11	-35.258	NAO_SRF	0	3.96794462203979	-3.79627537727356	3	24.31	37.65	0.049	0.08	NA	NA	NA	NA
MalaSurf_MD2821_3m	3	SRF	NAO	26.911	-32.837	NAO_SRF	5	1.21046102046967	-1.94516360759735	3	23.87	37.53	0.045	0.07	NA	0.333	0.086	0.551
MalaSurf_MD285_3m	3	SRF	SAO	-4.779	-28.169	SAO_SRF	20	12.7696313858032	3.62808513641357	3	27.27	36.33	0.109	0.03	NA	0.507	0.145	1.493
MalaSurf_MD2864_3m	3	SRF	NAO	28.875	-26.951	NAO_SRF	19	1.13647103309631	6.86132049560547	3	22.43	37.37	0.099	0.09	NA	0.428	0.037	0.511
MalaSurf_MD28_3m	3	SRF	NAO	35.135	-9.517	NAO_SRF	33	5.13298606872559	11.7332715988159	3	18.45	36.56	0.252	0.08	NA	NA	NA	NA
MalaSurf_MD2956_3m	3	SRF	NAO	30.966	-20.65	NAO_SRF	26	3.43953084945679	10.1892976760864	3	20.96	36.9	0.075	0.1	NA	0.441	0.097	0.567
MalaSurf_MD2973_3m	3	SRF	NAO	32.079	-17.266	NAO_SRF	0	3.64117550849915	9.8163595199585	3	21.26	36.88	0.066	0.1	NA	NA	NA	NA
MalaSurf_MD311_3m	3	SRF	SAO	-7.283	-29.322	SAO_SRF	32	6.24461603164673	13.1999111175537	3	27.11	36.48	0.099	0.03	NA	0.08	0.132	1.121
MalaSurf_MD346_3m	3	SRF	SAO	-13.736	-32.376	SAO_SRF	32	6.24016189575195	13.1975421905518	3	26.96	37.15	0.047	0.02	NA	0.262	0.127	1.672
MalaSurf_MD366_3m	3	SRF	SAO	-15.831	-33.403	SAO_SRF	20	12.8280792236328	3.55283999443054	3	27.33	37.25	0.09	0.02	NA	0.312	0.123	1.711
MalaSurf_MD389_3m	3	SRF	SAO	-18.424	-34.644	SAO_SRF	36	6.24858283996582	11.8844537734985	3	27.2	37.24	0.11	0.03	NA	1.346	0.133	1.791
MalaSurf_MD40_3m	3	SRF	NAO	34.001	-12.781	NAO_SRF	30	11.5894317626953	4.32451820373535	3	18.78	36.43	NA	0.07	NA	NA	NA	NA
MalaSurf_MD417_3m	3	SRF	SAO	-21.093	-35.972	SAO_SRF	0	1.65385282039642	5.57690477371216	3	26.88	36.99	0.125	0.03	NA	NA	NA	NA
MalaSurf_MD439_3m	3	SRF	SAO	-22.955	-36.925	SAO_SRF	34	6.62435293197632	11.9350166320801	3	26.46	36.68	NA	0.03	36.924	1.033	0.069	2.082
MalaSurf_MD458_3m	3	SRF	SAO	-24.315	-36.222	SAO_SRF	22	12.5201797485352	1.64123702049255	3	26.56	36.53	0.077	0.03	0	0.135	0.028	0.819
MalaSurf_MD486_3m	3	SRF	SAO	-24.792	-33.476	SAO_SRF	35	6.05314922332764	11.4957675933838	3	26.67	36.63	0.082	0.03	0	0.26	0.005	1.03
MalaSurf_MD506_3m	3	SRF	SAO	-25.427	-30.07	SAO_SRF	13	4.30315971374512	3.09346294403076	3	25.64	36.59	0.097	0.02	0.005	0.336	-0.002	0.902
MalaSurf_MD528_3m	3	SRF	SAO	-25.868	-27.567	SAO_SRF	13	4.29977416992188	3.0809211730957	3	25.19	36.5	0.078	0.03	NA	0.175	0.157	0.997
MalaSurf_MD52_3m	3	SRF	NAO	29.683	-17.288	NAO_SRF	23	9.5084114074707	6.06454610824585	3	20.92	36.94	0.114	0.04	NA	0.112	0.092	1.232
MalaSurf_MD550_3m	3	SRF	SAO	-26.947	-21.4	SAO_SRF	0	1.54038560390472	5.88675498962402	3	24.23	36.43	0.094	0.02	0.021	0.193	0.099	1.452
MalaSurf_MD575_3m	3	SRF	SAO	-27.553	-18.089	SAO_SRF	33	5.33167552947998	11.8488445281982	3	23.56	36.22	0.036	0.02	0.036	0.098	0.101	1.352
MalaSurf_MD591_3m	3	SRF	SAO	-28.091	-14.791	SAO_SRF	19	1.02049779891968	6.83114576339722	3	23.57	36.53	0.035	0.02	NA	0.065	0.208	1.423
MalaSurf_MD60_3m	3	SRF	NAO	28.702	-18.871	NAO_SRF	14	9.50655364990234	6.6442346572876	3	21.41	37.02	NA	0.05	NA	NA	NA	NA
MalaSurf_MD621_3m	3	SRF	SAO	-28.649	-11.812	SAO_SRF	19	0.938801765441895	6.75504636764526	3	23.34	36.39	0.035	0.02	0.004	0.288	0.141	1.021
MalaSurf_MD646_3m	3	SRF	SAO	-29.767	-5.315	SAO_SRF	22	12.5271224975586	1.65624940395355	3	22.29	36.13	0.04	0.02	0.031	0.319	0.147	0.748
MalaSurf_MD64_3m	3	SRF	NAO	24.972	-21.053	NAO_SRF	20	12.6707906723022	3.71175599098206	3	NA	NA	NA	NA	NA	NA	NA	NA
MalaSurf_MD664_3m	3	SRF	SAO	-30.262	-2.435	SAO_SRF	20	12.8212642669678	3.54968237876892	3	22.48	35.99	0.034	0.02	0.007	0.125	0.165	2.309
MalaSurf_MD684_3m	3	SRF	SAO	-30.882	0.968	SAO_SRF	20	12.7704486846924	3.62551021575928	3	21.66	35.96	0.06	0.03	0.012	0.355	0.174	0.651
MalaSurf_MD712_3m	3	SRF	SAO	-31.308	3.749	SAO_SRF	20	12.6547069549561	3.85265469551086	3	21.19	35.81	0.041	0.03	0	0.337	0.106	1.313
MalaSurf_MD734_3m	3	SRF	SAO	-31.832	6.857	SAO_SRF	31	8.32890510559082	4.32388973236084	3	20.9	35.79	0.058	0.03	0.024	0.004	0.122	1.011
MalaSurf_MD753_3m	3	SRF	SAO	-32.813	12.769	SAO_SRF	22	12.9646644592285	2.35570502281189	3	20.44	35.48	0.064	0.08	0.003	0.507	0.138	0.905
MalaSurf_MD778_3m	3	SRF	SAO	-33.233	15.34	SAO_SRF	29	3.59205603599548	4.79646778106689	3	20.66	35.56	0.222	0.03	0.013	0.139	0.117	6.495
MalaSurf_MD806_3m	3	SRF	IO	-35.136	25.563	IO_SRF	7	15.5245704650879	-1.54423344135284	3	22.56	35.39	0.647	0.1	NA	2.107	0.325	5.238
MalaSurf_MD834_3m	3	SRF	IO	-34.837	27.549	IO_SRF	0	1.62336027622223	5.66791677474976	3	26	35.31	0.173	0.04	NA	0.431	0.072	1.688
MalaSurf_MD854_3m	3	SRF	IO	-34.44	31.112	IO_SRF	15	5.22591876983643	9.33153629302979	3	23.25	35.54	0.091	0.03	NA	0.299	0.014	0.91
MalaSurf_MD876_3m	3	SRF	IO	-33.907	37.042	IO_SRF	36	6.04329299926758	11.8444719314575	3	23.49	35.65	NA	0.03	NA	0.298	0	1.426
MalaSurf_MD897_3m	3	SRF	IO	-33.563	39.885	IO_SRF	36	6.06676816940308	12.0076780319214	3	24.1	35.59	0.106	0.04	NA	0.434	0.212	3.57
MalaSurf_MD916_3m	3	SRF	IO	-33.194	43.248	IO_SRF	6	1.90154039859772	5.23157787322998	3	23.33	35.53	0.139	0.04	NA	NA	NA	NA
MalaSurf_MD940_3m	3	SRF	IO	-30.055	61.431	IO_SRF	35	6.12485885620117	11.5532445907593	3	24.92	35.23	0.098	0.04	0	0.496	0	0.598
MalaSurf_MD962_3m	3	SRF	IO	-27.978	63.248	IO_SRF	13	4.09857892990112	3.27088737487793	3	25.92	35.33	0.085	0.03	0	0.222	0.032	2.405
MalaSurf_MD985_3m	3	SRF	IO	-28.128	66.493	IO_SRF	31	9.56522369384766	4.26097822189331	3	25.34	35.42	0.063	0.02	0.006	0.361	0.015	1.003
MalaSurf_MD98_3m	3	SRF	NAO	21.45	-23.455	NAO_SRF	25	7.69438123703003	5.72130727767944	3	24.83	37.02	0.179	0.03	NA	0.237	0.105	0.699
MalaVP_DNA_D1001_4000m	4000	BAT	IO	-29.354	69.4	IO_BAT	20	12.6691303253174	3.71049809455872	4000	1.13	34.71	0	0.02	NA	25.588	1.597	127.284
MalaVP_DNA_D1003_2500m	2500	BAT	IO	-29.354	69.4	IO_BAT	31	10.1362867355347	3.84881401062012	2500	1.94	34.73	0	0	NA	31.289	2.162	110.951
MalaVP_DNA_D1005_1065m	1065	BAT	IO	-29.354	69.4	IO_BAT	22	12.7423362731934	2.14280676841736	1065	4.93	34.4	0	0.02	NA	15.558	0.926	12.42
MalaVP_DNA_D1007_715m	715	MES	IO	-29.354	69.4	IO_MES	7	15.4519996643066	-1.77656364440918	715	9.74	34.75	0	0.02	NA	13.065	1.118	4.574
MalaVP_DNA_D1009_400m	400	MES	IO	-29.354	69.4	IO_MES	20	12.7134637832642	3.66198062896729	400	12.42	35.15	0	0.02	NA	10.91	0.713	3.707
MalaVP_DNA_D1011_130m	130	DCM	IO	-29.354	69.4	IO_DCM	9	4.42717981338501	-3.75675630569458	130	17.34	35.65	0.278	0.15	0	0.625	0.136	1.573
MalaVP_DNA_D1156_2600m	2600	BAT	IO	-29.574	96.407	IO_BAT	11	16.0875282287598	-2.11261820793152	2600	1.79	34.73	0	0.02	NA	NA	NA	NA
MalaVP_DNA_D1158_950m	950	MES	IO	-29.574	96.407	IO_MES	10	16.2765464782715	-2.93422079086304	950	4.99	34.37	0	0.02	NA	27.565	1.965	29.675
MalaVP_DNA_D1160_1790m	1790	BAT	IO	-29.574	96.407	IO_BAT	7	15.5374870300293	-1.85772001743317	1790	2.69	34.68	0	0	NA	30.906	2.317	95.331
MalaVP_DNA_D1168_650m	650	MES	IO	-29.574	96.407	IO_MES	11	16.6061630249023	-2.28361248970032	650	9.21	34.67	0	0.02	NA	15.454	0.622	5.186
MalaVP_DNA_D1170_3m	3	SRF	IO	-29.574	96.407	IO_SRF	31	9.53190040588379	4.49358940124512	3	21.74	35.79	0.068	0.03	0	0.264	0.006	1.858
MalaVP_DNA_D1172_115m	115	DCM	IO	-29.574	96.407	IO_DCM	9	4.49107551574707	-3.81891131401062	115	16	35.68	0.286	0.17	NA	0.478	0.081	0.999
MalaVP_DNA_D1180_420m	420	MES	IO	-29.574	96.407	IO_MES	24	8.18360328674316	7.13942909240723	420	10.8	34.89	0	0.02	NA	4.968	0.405	1.512
MalaVP_DNA_D1660_4000m	4000	BAT	SPO	-3.41	-169.463	SPO_BAT	7	15.3347883224487	-1.38330364227295	4000	1.4	34.7	0	0.02	NA	25.146	1.865	142.514
MalaVP_DNA_D1662_1500m	1500	BAT	SPO	-3.41	-169.463	SPO_BAT	7	15.5500888824463	-1.94022560119629	1500	3	34.6	0	0.02	0	27.65	2.254	61.288
MalaVP_DNA_D1664_650m	650	MES	SPO	-3.41	-169.463	SPO_MES	7	15.4138660430908	-1.81588220596313	650	6.71	34.56	0	0.02	NA	26.279	1.93	39.516
MalaVP_DNA_D1666_580m	580	MES	SPO	-3.41	-169.463	SPO_MES	22	12.350170135498	2.65074729919434	580	7.42	34.59	0	0.02	NA	26.262	2.028	36.192
MalaVP_DNA_D1668_450m	450	MES	SPO	-3.41	-169.463	SPO_MES	22	12.5412425994873	2.43535709381104	450	8.47	34.65	0	0.02	0	13.724	1.612	17.363
MalaVP_DNA_D1672_3m	3	SRF	SPO	-3.41	-169.463	SPO_SRF	21	13.2212505340576	2.16602802276611	3	28.13	35.39	0.193	0.12	0.102	2.316	0.299	1.318
MalaVP_DNA_D1684_65m	65	DCM	SPO	-3.41	-169.463	SPO_DCM	17	1.47191536426544	4.05097675323486	65	28.03	35.42	NA	0.17	0.13	1.957	0.358	0.605
MalaVP_DNA_D1758_3m	3	SRF	NPO	6.992	-164.372	NPO_SRF	9	4.78690147399902	-4.04926443099976	3	27.35	34.83	0.281	0.11	0.002	0.364	0.027	0.833
MalaVP_DNA_D1760_4000m	4000	BAT	NPO	6.992	-164.372	NPO_BAT	20	12.9568920135498	3.28322196006775	4000	1.41	34.7	0	0.02	NA	24.001	1.899	143.631
MalaVP_DNA_D1762_2000m	2000	BAT	NPO	6.992	-164.372	NPO_BAT	10	16.0779132843018	-2.55187630653381	2000	2.15	34.65	0	0.02	NA	27.664	2.164	149.191
MalaVP_DNA_D1764_750m	750	MES	NPO	6.992	-164.372	NPO_MES	31	10.4553546905518	3.8060085773468	750	5.96	34.55	0	0.03	0	28.736	2.361	49.25
MalaVP_DNA_D1766_600m	600	MES	NPO	6.992	-164.372	NPO_MES	0	13.0267286300659	2.35587430000305	600	6.99	34.56	0	0.03	NA	27.087	2.299	43.875
MalaVP_DNA_D1768_400m	400	MES	NPO	6.992	-164.372	NPO_MES	22	12.3853921890259	2.61388921737671	400	8.87	34.63	0	0.03	0.004	26.008	2.061	35.575
MalaVP_DNA_D1770_80m	80	DCM	NPO	6.992	-164.372	NPO_DCM	8	5.41099786758423	-4.31342077255249	80	26.37	34.84	0.4	0.18	NA	2.424	0.176	2.02
MalaVP_DNA_D2021_4000m	4000	BAT	NPO	17.37	-130.611	NPO_BAT	7	15.439564704895	-1.68742537498474	4000	1.46	34.69	0	0.01	NA	25.652	1.093	160.332
MalaVP_DNA_D2023_2000m	2000	BAT	NPO	17.37	-130.611	NPO_BAT	7	15.408576965332	-2.27941942214966	2000	2.13	34.64	0	0.01	NA	28.48	1.538	61.283
MalaVP_DNA_D2025_500m	500	MES	NPO	17.37	-130.611	NPO_MES	31	10.2731866836548	3.82649159431458	500	7.25	34.48	0	0.01	NA	25.951	1.356	45.406
MalaVP_DNA_D2027_400m	400	MES	NPO	17.37	-130.611	NPO_MES	11	16.3443584442139	-2.17239809036255	400	8.22	34.42	0	0	0	19.664	1.106	33.796
MalaVP_DNA_D2029_200m	200	MES	NPO	17.37	-130.611	NPO_MES	30	11.5308027267456	4.32877635955811	200	11.46	34.05	0	0.01	NA	10.805	0.352	13.683
MalaVP_DNA_D2031_110m	110	DCM	NPO	17.37	-130.611	NPO_DCM	9	4.18564939498901	-3.74078774452209	110	20.09	34.65	0.384	0.47	NA	0.769	0.121	3.028
MalaVP_DNA_D2033_3m	3	SRF	NPO	17.37	-130.611	NPO_SRF	8	5.27233695983887	-4.24857711791992	3	21.65	34.86	0.175	0.11	0	0.068	0.111	0.588
MalaVP_DNA_D2219_2000m	2000	BAT	NPO	10.759	-102.442	NPO_BAT	0	16.4694519042969	-2.83745622634888	2000	2.26	34.65	0	0	0	29.092	2.036	150.519
MalaVP_DNA_D2221_780m	780	MES	NPO	10.759	-102.442	NPO_MES	10	16.2781028747559	-2.99722266197205	780	5.74	34.56	0	0.02	0	28.142	2.774	47.859
MalaVP_DNA_D2223_600m	600	MES	NPO	10.759	-102.442	NPO_MES	10	16.1341285705566	-3.03367924690247	600	7.09	34.58	0	0.02	0	27.104	2.726	61.453
MalaVP_DNA_D2225_280m	280	MES	NPO	10.759	-102.442	NPO_MES	22	12.4939136505127	2.23136186599731	280	11.12	34.75	0	0	0	23.747	2.076	27.36
MalaVP_DNA_D2227_37m	37	DCM	NPO	10.759	-102.442	NPO_DCM	6	2.7637619972229	3.84869861602783	37	26.14	34.02	0.64	0.79	NA	4.696	0.528	1.071
MalaVP_DNA_D2229_3m	3	SRF	NPO	10.759	-102.442	NPO_SRF	13	4.02898788452148	3.32542371749878	3	29.28	33.46	0.185	0.15	0	0.13	0.168	0.454
MalaVP_DNA_D2410_3100m	3100	BAT	NAO	14.158	-71.673	NAO_BAT	21	13.4734296798706	1.81680023670197	3100	4.17	34.98	0	0.01	NA	NA	NA	NA
MalaVP_DNA_D2412_2400m	2400	BAT	NAO	14.158	-71.673	NAO_BAT	21	13.4065570831299	1.91090142726898	2400	4.11	34.98	0	0.01	NA	NA	NA	NA
MalaVP_DNA_D2414_2000m	2000	BAT	NAO	14.158	-71.673	NAO_BAT	7	15.4462480545044	-2.18307662010193	2000	4.11	34.98	0	0	NA	NA	NA	NA
MalaVP_DNA_D2416_800m	800	MES	NAO	14.158	-71.673	NAO_MES	22	12.5650053024292	2.29320430755615	800	6.43	34.75	0	0.01	NA	NA	NA	NA
MalaVP_DNA_D2418_460m	460	MES	NAO	14.158	-71.673	NAO_MES	25	7.89682960510254	6.36167621612549	460	10.25	35.14	0	0.01	NA	NA	NA	NA
MalaVP_DNA_D2420_106m	106	DCM	NAO	14.158	-71.673	NAO_DCM	10	16.1517868041992	-3.12147521972656	106	25.34	36.74	0.581	0.39	NA	NA	NA	NA
MalaVP_DNA_D2422_3m	3	SRF	NAO	14.158	-71.673	NAO_SRF	9	4.77217769622803	-4.02325534820557	3	28.71	35.57	0.145	0.08	NA	NA	NA	NA
MalaVP_DNA_D271_3m	3	SRF	SAO	-4.779	-28.169	SAO_SRF	13	4.32196998596191	3.03296804428101	3	27.27	36.33	0.109	0.03	NA	0.507	0.145	1.493
MalaVP_DNA_D273_4000m	4000	BAT	SAO	-4.779	-28.169	SAO_BAT	22	12.5232458114624	1.6565682888031	4000	2.01	34.86	0	0.02	NA	23.054	1.738	53.678
MalaVP_DNA_D275_1700m	1700	BAT	SAO	-4.779	-28.169	SAO_BAT	22	12.4657335281372	2.07400679588318	1700	4.02	34.97	0	0.02	NA	20.796	1.526	19.233
MalaVP_DNA_D277_800m	800	MES	SAO	-4.779	-28.169	SAO_MES	11	16.6393737792969	-2.31081056594849	800	4.94	34.48	0	0.02	NA	NA	NA	NA
MalaVP_DNA_D2795_4000m	4000	BAT	NAO	26.911	-32.837	NAO_BAT	10	16.1269912719727	-3.16194868087769	4000	2.44	34.91	0	0.01	NA	23.903	1.563	48.347
MalaVP_DNA_D2797_2500m	2500	BAT	NAO	26.911	-32.837	NAO_BAT	10	16.1519813537598	-3.14766812324524	2500	3.18	34.99	0	0.01	NA	20.778	1.362	29.029
MalaVP_DNA_D279_450m	450	MES	SAO	-4.779	-28.169	SAO_MES	11	16.6372566223145	-2.30126023292542	450	7.73	34.68	0	0.02	NA	33.557	2.413	21.22
MalaVP_DNA_D2803_430m	430	MES	NAO	26.911	-32.837	NAO_MES	10	16.1895866394043	-3.10838413238525	430	14.52	35.99	0	0.01	NA	23.461	1.42	17.52
MalaVP_DNA_D281_80m	80	DCM	SAO	-4.779	-28.169	SAO_DCM	8	5.37443161010742	-4.26968097686768	80	26.32	36.26	0.261	0.08	NA	3.133	0.2	2.861
MalaVP_DNA_D283_110m	110	DCM	SAO	-4.779	-28.169	SAO_DCM	8	5.53596448898315	-4.29822206497192	110	21.21	36.36	0.504	0.15	NA	NA	NA	NA
MalaVP_DNA_D514_3m	3	SRF	SAO	-25.868	-27.567	SAO_SRF	9	4.79144144058228	-4.05509090423584	3	25.19	36.5	0.078	0.03	NA	0.175	0.157	0.997
MalaVP_DNA_D516_4000m	4000	BAT	SAO	-25.868	-27.567	SAO_BAT	0	16.0427722930908	-2.16298007965088	4000	1.63	34.81	0	0.02	-0.005	26.086	1.77	53.272
MalaVP_DNA_D518_3300m	3300	BAT	SAO	-25.868	-27.567	SAO_BAT	7	15.4825963973999	-2.25121593475342	3300	2.53	34.9	0	0.02	0.001	21.193	1.485	33.81
MalaVP_DNA_D520_2400m	2400	BAT	SAO	-25.868	-27.567	SAO_BAT	10	16.1409893035889	-2.97258114814758	2400	2.98	34.93	0	0	0.001	21.403	1.442	28.188
MalaVP_DNA_D522_850m	850	MES	SAO	-25.868	-27.567	SAO_MES	22	12.78480052948	2.06499528884888	850	4.53	34.35	0	0.02	NA	30.574	2.087	26.814
MalaVP_DNA_D524_550m	550	MES	SAO	-25.868	-27.567	SAO_MES	21	13.5040111541748	1.77707231044769	550	9.32	34.72	0	0.02	NA	20.976	1.419	9.992
MalaVP_DNA_D526_130m	130	DCM	SAO	-25.868	-27.567	SAO_DCM	9	4.74583721160889	-4.00758695602417	130	19.28	36.21	0.303	0.11	0.068	0.061	0.053	1.35
MalaVP_DNA_D66_3m	3	SRF	NAO	23.274	-22.222	NAO_SRF	9	4.81428194046021	-4.07292985916138	3	23.43	37.08	0.222	0.06	NA	0.609	0.022	0.972
MalaVP_DNA_D670_3m	3	SRF	SAO	-30.882	0.968	SAO_SRF	1	-8.01614761352539	0.875160396099091	3	21.66	35.96	0.06	0.03	0.012	0.355	0.174	0.651
MalaVP_DNA_D672_4000m	4000	BAT	SAO	-30.882	0.968	SAO_BAT	22	13.0472764968872	2.21841549873352	4000	1.71	34.8	0	0.02	0.015	21.928	1.841	57.179
MalaVP_DNA_D674_3080m	3080	BAT	SAO	-30.882	0.968	SAO_BAT	14	9.52453804016113	6.70762491226196	3080	2.32	34.86	0	0.02	0.005	21.328	1.622	49.131
MalaVP_DNA_D676_1290m	1290	BAT	SAO	-30.882	0.968	SAO_BAT	7	15.6940975189209	-1.63821613788605	1290	3.1	34.57	0	0.02	NA	28.337	2.346	50.526
MalaVP_DNA_D678_800m	800	MES	SAO	-30.882	0.968	SAO_MES	10	16.3285655975342	-2.95877742767334	800	4.65	34.33	0	0.02	0.016	26.503	2.04	26.872
MalaVP_DNA_D680_540m	540	MES	SAO	-30.882	0.968	SAO_MES	7	15.6549577713013	-1.66721045970917	540	8.5	34.63	0	0.02	0.017	20.94	1.56	12.621
MalaVP_DNA_D682_110m	110	DCM	SAO	-30.882	0.968	SAO_DCM	8	5.6816258430481	-4.21956014633179	110	16.46	35.6	0.278	0.1	0.051	0.948	0.233	1.411
MalaVP_DNA_D76_700m	700	MES	NAO	23.274	-22.222	NAO_MES	31	10.1097860336304	3.85368704795837	700	9.56	35.33	0	0.02	NA	28.935	1.759	13.886
MalaVP_DNA_D78_430m	430	MES	NAO	23.274	-22.222	NAO_MES	31	10.1142282485962	3.85076475143433	430	13.12	35.78	0	0.02	NA	18.66	0.98	5.473
MalaVP_DNA_D80_88m	88	DCM	NAO	23.274	-22.222	NAO_DCM	0	1.91204917430878	-1.68020188808441	88	21.49	36.93	0.37	0.15	NA	NA	NA	NA
MalaVP_DNA_D862_3m	3	SRF	IO	-33.907	37.042	IO_SRF	31	8.91725635528564	4.19385051727295	3	23.49	35.65	NA	0.03	0	0.298	0	1.426
MalaVP_DNA_D864_4000m	4000	BAT	IO	-33.907	37.042	IO_BAT	21	13.3800258636475	1.95732951164246	4000	1.11	34.74	0	0.02	0	31.829	1.981	106.345
MalaVP_DNA_D866_3000m	3000	BAT	IO	-33.907	37.042	IO_BAT	30	10.4650506973267	4.95622062683105	3000	2.27	34.81	0	NA	0	31.517	1.608	76.06
MalaVP_DNA_D868_1200m	1200	BAT	IO	-33.907	37.042	IO_BAT	10	16.4262866973877	-2.89298939704895	1200	5.31	34.43	0	0.02	0	31.883	2.206	54.793
MalaVP_DNA_D870_800m	800	MES	IO	-33.907	37.042	IO_MES	0	10.3967704772949	4.99679517745972	800	10.08	34.82	0	0.02	0	19.722	0.828	8.23
MalaVP_DNA_D872_450m	450	MES	IO	-33.907	37.042	IO_MES	0	0.0102986069396138	6.50890159606934	450	13.54	35.29	0	0.02	0	8.832	0.78	6.151
MalaVP_DNA_D874_86m	86	DCM	IO	-33.907	37.042	IO_DCM	9	4.66013813018799	-3.94042038917542	86	19.23	35.57	NA	0.21	0	1.042	0.096	1.963
MalaVP_DNA_D999_3m	3	SRF	IO	-29.354	69.4	IO_SRF	29	2.95334053039551	4.20385885238647	3	25.3	35.58	0.056	0.03	0	0.375	0.006	2.319
