Sample	depth	layer	OceanRegion	Latitude	Longitude	OceanRegion_Layer	cluster	x	y
Hotmix_HM002_2000m	2000	BAT	MS	34.073	33.514	MS_BAT	1	3.7534453868865967	-1.562578797340393
Hotmix_HM003_1000m	1000	MES	MS	34.073	33.514	MS_MES	0	16.130477905273438	-2.648630380630493
Hotmix_HM004_130m	130	DCM	MS	34.073	33.514	MS_DCM	7	5.489326477050781	-4.268448352813721
Hotmix_HM005_35m	35	EPI	MS	34.073	33.514	MS_EPI	18	8.240191459655762	7.801652908325195
Hotmix_HM006_3m	3	SRF	MS	34.073	33.514	MS_SRF	2	3.3811635971069336	-2.6582324504852295
Hotmix_HM007_575m	575	MES	MS	34.073	33.514	MS_MES	25	9.627616882324219	4.346320152282715
Hotmix_HM008_200m	200	MES	MS	34.073	33.514	MS_MES	0	15.411316871643066	-2.2878031730651855
Hotmix_HM010_25m	25	EPI	MS	34.073	31.413	MS_EPI	28	6.638484001159668	11.078059196472168
Hotmix_HM011_2000m	2000	BAT	MS	33.666	29.344	MS_BAT	25	9.463685035705566	3.9611270427703857
Hotmix_HM012_1250m	1250	BAT	MS	33.666	29.344	MS_BAT	-1	-8.045781135559082	0.8455548286437988
Hotmix_HM013_200m	200	MES	MS	33.666	29.344	MS_MES	9	4.149700164794922	3.2037296295166016
Hotmix_HM014_750m	750	MES	MS	33.666	29.344	MS_MES	15	13.21314811706543	2.1770856380462646
Hotmix_HM015_120m	120	DCM	MS	33.666	29.344	MS_DCM	8	4.572398662567139	-3.8273253440856934
Hotmix_HM018_2630m	2630	BAT	MS	34.073	27.226	MS_BAT	6	0.6866182088851929	5.972891330718994
Hotmix_HM019_2000m	2000	BAT	MS	34.073	27.226	MS_BAT	9	4.029510021209717	3.323676824569702
Hotmix_HM020_1250m	1250	BAT	MS	34.073	27.226	MS_BAT	22	3.322981834411621	4.636800289154053
Hotmix_HM021_118m	118	DCM	MS	34.073	27.226	MS_DCM	7	5.586091995239258	-4.258751392364502
Hotmix_HM022_50m	50	EPI	MS	34.073	27.226	MS_EPI	19	7.800288677215576	5.913300037384033
Hotmix_HM023_3m	3	SRF	MS	34.073	27.226	MS_SRF	12	1.1534833908081055	4.611924171447754
Hotmix_HM024_550m	550	MES	MS	34.073	27.226	MS_MES	25	9.477252960205078	3.9501309394836426
Hotmix_HM025_200m	200	MES	MS	34.073	27.226	MS_MES	13	1.4787250757217407	4.063061237335205
Hotmix_HM027_2000m	2000	BAT	MS	34.073	25.230999999999998	MS_BAT	1	3.7649760246276855	-1.546141505241394
Hotmix_HM028_825m	825	MES	MS	34.073	25.230999999999998	MS_MES	23	3.4726622104644775	4.7108001708984375
Hotmix_HM029_100m	100	DCM	MS	34.073	25.230999999999998	MS_DCM	15	13.262203216552734	2.1635897159576416
Hotmix_HM030_50m	50	EPI	MS	34.073	25.230999999999998	MS_EPI	20	3.6010570526123047	10.28630542755127
Hotmix_HM031_3m	3	SRF	MS	34.073	25.230999999999998	MS_SRF	18	8.373570442199707	7.108036518096924
Hotmix_HM033_200m	200	MES	MS	34.073	25.230999999999998	MS_MES	5	2.7402262687683105	3.8253142833709717
Hotmix_HM034_2600m	2600	BAT	MS	34.073	23.208000000000002	MS_BAT	1	3.5915403366088867	-1.7267190217971802
Hotmix_HM035_2000m	2000	BAT	MS	34.073	23.208000000000002	MS_BAT	6	0.797498881816864	6.079469203948975
Hotmix_HM036_1100m	1100	BAT	MS	34.073	23.208000000000002	MS_BAT	16	12.393280029296875	1.8848553895950317
Hotmix_HM037_90m	90	DCM	MS	34.073	23.208000000000002	MS_DCM	8	4.607166290283203	-3.8846724033355713
Hotmix_HM038_50m	50	EPI	MS	34.073	23.208000000000002	MS_EPI	5	2.7968268394470215	3.8294284343719482
Hotmix_HM039_3m	3	SRF	MS	34.073	23.208000000000002	MS_SRF	12	1.1459952592849731	4.532439708709717
Hotmix_HM040_705m	705	MES	MS	34.073	23.208000000000002	MS_MES	23	3.5576839447021484	4.762794494628906
Hotmix_HM042_2421m	2421	BAT	MS	34.673	21.373	MS_BAT	28	6.611253261566162	11.001561164855957
Hotmix_HM043_2000m	2000	BAT	MS	34.673	21.373	MS_BAT	6	0.8564757108688354	6.151574611663818
Hotmix_HM044_1000m	1000	MES	MS	34.673	21.373	MS_MES	25	9.535150527954102	4.165987491607666
Hotmix_HM045_110m	110	DCM	MS	34.673	21.372	MS_DCM	7	5.33052396774292	-4.316221237182617
Hotmix_HM046_50m	50	EPI	MS	34.673	21.372	MS_EPI	3	1.9041260480880737	-2.0300490856170654
Hotmix_HM047_3m	3	SRF	MS	34.673	21.372	MS_SRF	22	3.0939557552337646	4.656606674194336
Hotmix_HM048_500m	500	MES	MS	34.673	21.372	MS_MES	25	9.002022743225098	4.138589859008789
Hotmix_HM049_200m	200	MES	MS	34.673	21.372	MS_MES	9	3.985372543334961	3.3702359199523926
Hotmix_HM050_3167m	3167	BAT	MS	35.951	19.772000000000002	MS_BAT	13	1.8505357503890991	4.229280948638916
Hotmix_HM051_2000m	2000	BAT	MS	35.951	19.772000000000002	MS_BAT	13	1.8341132402420044	4.160787582397461
Hotmix_HM052_900m	900	MES	MS	35.951	19.772000000000002	MS_MES	25	9.45362663269043	4.0161638259887695
Hotmix_HM053_100m	100	DCM	MS	35.951	19.772000000000002	MS_DCM	7	5.676684379577637	-4.220986843109131
Hotmix_HM054_50m	50	EPI	MS	35.951	19.772000000000002	MS_EPI	25	9.575129508972168	4.265932083129883
Hotmix_HM055_3m	3	SRF	MS	35.951	19.772000000000002	MS_SRF	18	8.131916046142578	7.653958320617676
Hotmix_HM056_500m	500	MES	MS	35.951	19.772000000000002	MS_MES	12	1.3690053224563599	4.56588888168335
Hotmix_HM057_200m	200	MES	MS	35.951	19.772000000000002	MS_MES	-1	3.7422714233398438	3.7246408462524414
Hotmix_HM058_1500m	1500	BAT	MS	37.715	19.772000000000002	MS_BAT	5	2.0822091102600098	4.979838848114014
Hotmix_HM059_3300m	3300	BAT	MS	37.715	19.772000000000002	MS_BAT	13	1.2604343891143799	4.281896114349365
Hotmix_HM060_50m	50	EPI	MS	37.715	19.772000000000002	MS_EPI	6	0.7711528539657593	5.997292995452881
Hotmix_HM061_1200m	1200	BAT	MS	39.025999999999996	19.160999999999998	MS_BAT	0	15.35926628112793	-1.3832905292510986
Hotmix_HM062_900m	900	MES	MS	39.025999999999996	19.160999999999998	MS_MES	22	2.8668699264526367	4.85673713684082
Hotmix_HM063_500m	500	MES	MS	39.025999999999996	19.160999999999998	MS_MES	25	8.982909202575684	4.142529487609863
Hotmix_HM064_200m	200	MES	MS	39.025999999999996	19.160999999999998	MS_MES	-1	-8.049847602844238	0.8414219617843628
Hotmix_HM065_92m	92	DCM	MS	39.025999999999996	19.160999999999998	MS_DCM	16	12.540948867797852	2.3298346996307373
Hotmix_HM066_50m	50	EPI	MS	39.025999999999996	19.160999999999998	MS_EPI	6	0.8214338421821594	6.637848377227783
Hotmix_HM067_3m	3	SRF	MS	39.025999999999996	19.160999999999998	MS_SRF	12	1.0693811178207397	4.6947784423828125
Hotmix_HM068_2500m	2500	BAT	MS	37.815	18.173	MS_BAT	2	3.3866286277770996	-2.6442596912384033
Hotmix_HM069_2000m	2000	BAT	MS	37.815	18.173	MS_BAT	2	3.39823842048645	-2.640856981277466
Hotmix_HM070_1000m	1000	MES	MS	37.815	18.173	MS_MES	22	2.8941879272460938	4.814022541046143
Hotmix_HM071_86m	86	DCM	MS	37.815	18.173	MS_DCM	6	1.919066309928894	-1.6046602725982666
Hotmix_HM072_50m	50	EPI	MS	37.815	18.173	MS_EPI	6	0.835835874080658	6.1464033126831055
Hotmix_HM073_3m	3	SRF	MS	37.815	18.173	MS_SRF	-1	1.6995012760162354	4.538507461547852
Hotmix_HM074_500m	500	MES	MS	37.815	18.173	MS_MES	17	8.65337085723877	5.832756519317627
Hotmix_HM075_200m	200	MES	MS	37.815	18.173	MS_MES	-1	3.971975564956665	-3.7966854572296143
Hotmix_HM076_2000m	2000	BAT	MS	36.0	17.417	MS_BAT	22	2.8939056396484375	4.748669624328613
Hotmix_HM077_3000m	3000	BAT	MS	36.0	17.417	MS_BAT	25	9.356575012207031	4.4587788581848145
Hotmix_HM078_1000m	1000	MES	MS	36.0	17.417	MS_MES	1	3.668626070022583	-1.7188029289245605
Hotmix_HM079_120m	120	DCM	MS	36.0	17.416	MS_DCM	7	5.6827850341796875	-4.220764636993408
Hotmix_HM080_50m	50	EPI	MS	36.0	17.416	MS_EPI	12	0.9949159622192383	4.807509899139404
Hotmix_HM081_3m	3	SRF	MS	36.0	17.416	MS_SRF	19	7.935051918029785	6.503683090209961
Hotmix_HM083_200m	200	MES	MS	36.0	17.416	MS_MES	3	2.1537253856658936	-2.2716221809387207
Hotmix_HM084_300m	300	MES	MS	36.0	13.0	MS_MES	6	-0.4929773807525635	6.615758895874023
Hotmix_HM085_95m	95	DCM	MS	36.0	13.0	MS_DCM	1	3.79231858253479	-1.5174083709716797
Hotmix_HM086_3m	3	SRF	MS	36.0	13.0	MS_SRF	17	8.765501976013184	5.825056552886963
Hotmix_HM087_400m	400	MES	MS	37.845	11.419	MS_MES	3	2.019991874694824	-2.207493782043457
Hotmix_HM088_40m	40	DCM	MS	37.845	11.419	MS_DCM	23	3.3979177474975586	4.6486124992370605
Hotmix_HM089_3m	3	SRF	MS	37.845	11.419	MS_SRF	9	4.281256675720215	3.073953628540039
Hotmix_HM090_3165m	3165	BAT	MS	39.579	11.413	MS_BAT	3	1.9058256149291992	-1.976044774055481
Hotmix_HM091_2000m	2000	BAT	MS	39.579	11.413	MS_BAT	2	3.44633412361145	-2.590827226638794
Hotmix_HM092_900m	900	MES	MS	39.579	11.413	MS_MES	2	3.4521234035491943	-2.5205237865448
Hotmix_HM093_75m	75	DCM	MS	39.579	11.412	MS_DCM	14	12.916053771972656	3.3707919120788574
Hotmix_HM094_50m	50	EPI	MS	39.579	11.412	MS_EPI	25	8.605831146240234	4.225469589233398
Hotmix_HM095_3m	3	SRF	MS	39.579	11.412	MS_SRF	12	1.177819848060608	4.492879390716553
Hotmix_HM096_650m	650	MES	MS	39.583	11.417	MS_MES	3	1.9879494905471802	-2.189037799835205
Hotmix_HM097_200m	200	MES	MS	39.583	11.417	MS_MES	18	8.206316947937012	7.8241167068481445
Hotmix_HM098_75m	75	DCM	MS	41.25	10.584000000000001	MS_DCM	25	8.637347221374512	4.327801704406738
Hotmix_HM100_3m	3	SRF	MS	41.25	10.584000000000001	MS_SRF	17	8.692312240600586	5.806787490844727
Hotmix_HM101_1407m	1407	BAT	MS	41.25	10.584000000000001	MS_BAT	19	7.694531440734863	5.717191696166992
Hotmix_HM102_1000m	1000	MES	MS	41.25	10.584000000000001	MS_MES	22	2.8595173358917236	4.851900100708008
Hotmix_HM103_525m	525	MES	MS	41.25	10.584000000000001	MS_MES	18	7.890753746032715	7.447019577026367
Hotmix_HM104_400m	400	MES	MS	41.25	10.584000000000001	MS_MES	1	3.642380475997925	-1.7256405353546143
Hotmix_HM105_1500m	1500	BAT	MS	41.489	7.492000000000001	MS_BAT	-1	3.6271281242370605	3.8998262882232666
Hotmix_HM106_50m	50	EPI	MS	41.489	7.492000000000001	MS_EPI	10	9.82933235168457	7.287971496582031
Hotmix_HM107_2881m	2881	BAT	MS	40.181999999999995	6.492000000000001	MS_BAT	22	2.762470245361328	4.771022319793701
Hotmix_HM108_2000m	2000	BAT	MS	40.181999999999995	6.492000000000001	MS_BAT	23	2.6517865657806396	4.400389671325684
Hotmix_HM109_1000m	1000	MES	MS	40.181999999999995	6.492000000000001	MS_MES	2	3.47624135017395	-2.4789538383483887
Hotmix_HM110_60m	60	DCM	MS	40.181999999999995	6.492000000000001	MS_DCM	24	11.770060539245605	4.256314754486084
Hotmix_HM111_50m	50	EPI	MS	40.181999999999995	6.492000000000001	MS_EPI	9	4.3241047859191895	3.0186338424682617
Hotmix_HM112_3m	3	SRF	MS	40.181999999999995	6.492000000000001	MS_SRF	10	9.765912055969238	7.232542514801025
Hotmix_HM113_600m	600	MES	MS	40.181999999999995	6.492000000000001	MS_MES	22	3.305610418319702	4.723039150238037
Hotmix_HM114_350m	350	MES	MS	40.181999999999995	6.492000000000001	MS_MES	3	1.815948724746704	-2.004991054534912
Hotmix_HM115_2885m	2885	BAT	MS	38.6	7.025	MS_BAT	5	2.1618337631225586	4.89087438583374
Hotmix_HM116_2000m	2000	BAT	MS	38.6	7.025	MS_BAT	28	6.451756477355957	11.069661140441895
Hotmix_HM117_1000m	1000	MES	MS	38.6	7.025	MS_MES	13	1.6741219758987427	4.062847137451172
Hotmix_HM118_60m	60	DCM	MS	38.6	7.025	MS_DCM	1	3.8017661571502686	-1.500985026359558
Hotmix_HM119_50m	50	EPI	MS	38.6	7.025	MS_EPI	17	8.69670295715332	5.80784273147583
Hotmix_HM120_3m	3	SRF	MS	38.6	7.025	MS_SRF	23	2.985618829727173	4.252520561218262
Hotmix_HM121_600m	600	MES	MS	38.6	7.025	MS_MES	18	8.109685897827148	7.185708522796631
Hotmix_HM122_400m	400	MES	MS	38.6	7.025	MS_MES	4	1.142329216003418	-2.5366663932800293
Hotmix_HM123_2861m	2861	BAT	MS	38.413000000000004	5.215	MS_BAT	28	6.233377933502197	11.303119659423828
Hotmix_HM124_2000m	2000	BAT	MS	38.413000000000004	5.215	MS_BAT	23	2.628044366836548	4.4155755043029785
Hotmix_HM125_1000m	1000	MES	MS	38.413000000000004	5.215	MS_MES	4	1.682253122329712	-2.3650712966918945
Hotmix_HM126_65m	65	DCM	MS	38.413000000000004	5.215	MS_DCM	19	7.755603790283203	5.807252407073975
Hotmix_HM127_50m	50	EPI	MS	38.413000000000004	5.215	MS_EPI	25	8.34595775604248	4.327496528625488
Hotmix_HM128_3m	3	SRF	MS	38.413000000000004	5.215	MS_SRF	19	7.8180389404296875	6.003853797912598
Hotmix_HM129_600m	600	MES	MS	38.413000000000004	5.215	MS_MES	4	1.0321085453033447	-2.5452561378479004
Hotmix_HM130_450m	450	MES	MS	38.413000000000004	5.215	MS_MES	6	-0.5672431588172913	6.689208030700684
Hotmix_HM131_2787m	2787	BAT	MS	38.0	2.266	MS_BAT	1	3.5694522857666016	-1.7492928504943848
Hotmix_HM132_2000m	2000	BAT	MS	38.0	2.266	MS_BAT	1	3.605192184448242	-1.7125592231750488
Hotmix_HM133_1000m	1000	MES	MS	38.0	2.266	MS_MES	3	1.9299205541610718	-2.0741217136383057
Hotmix_HM134_60m	60	DCM	MS	38.0	2.266	MS_DCM	19	7.812666893005371	5.9207963943481445
Hotmix_HM135_50m	50	EPI	MS	38.0	2.266	MS_EPI	13	1.8576140403747559	4.227738380432129
Hotmix_HM136_3m	3	SRF	MS	38.0	2.266	MS_SRF	1	3.7677435874938965	-1.5382716655731201
Hotmix_HM137_700m	700	MES	MS	38.0	2.266	MS_MES	4	1.2990825176239014	-2.508579969406128
Hotmix_HM138_400m	400	MES	MS	38.0	2.266	MS_MES	4	0.9828817844390869	-2.5273211002349854
Hotmix_HM139_1500m	1500	BAT	MS	37.01	0.0	MS_BAT	2	3.3885786533355713	-2.6497931480407715
Hotmix_HM140_80m	80	DCM	MS	37.01	0.0	MS_DCM	13	1.6108002662658691	3.993180751800537
Hotmix_HM141_1350m	1350	BAT	MS	36.015	-2.525	MS_BAT	2	3.5085251331329346	-2.4000091552734375
Hotmix_HM142_1000m	1000	MES	MS	36.015	-2.525	MS_MES	-1	3.9814188480377197	-3.7938759326934814
Hotmix_HM143_600m	600	MES	MS	36.015	-2.525	MS_MES	4	1.0198911428451538	-2.53806209564209
Hotmix_HM144_400m	400	MES	MS	36.015	-2.525	MS_MES	0	16.05950927734375	-2.2490971088409424
Hotmix_HM145_200m	200	MES	MS	36.015	-2.525	MS_MES	18	8.431903839111328	7.096536636352539
Hotmix_HM146_75m	75	DCM	MS	36.012	-2.528	MS_DCM	25	8.427757263183594	4.27209997177124
Hotmix_HM147_3m	3	SRF	MS	36.012	-2.528	MS_SRF	25	8.412331581115723	4.268228530883789
Hotmix_HM148_886m	886	MES	MS	35.986	-5.367000000000001	MS_MES	3	1.9028654098510742	-2.133124828338623
Hotmix_HM149_350m	350	MES	MS	35.986	-5.367000000000001	MS_MES	6	-0.038890235126018524	6.507776737213135
Hotmix_HM150_550m	550	MES	MS	35.986	-5.367000000000001	MS_MES	4	0.9964647889137268	-2.5372161865234375
Hotmix_HM151_200m	200	MES	MS	35.986	-5.367000000000001	MS_MES	10	9.192625045776367	6.969028472900391
Hotmix_HM152_75m	75	DCM	MS	35.986999999999995	-5.367000000000001	MS_DCM	10	9.809784889221191	7.274528980255127
Hotmix_HM153_12m	12	EPI	MS	35.986999999999995	-5.367000000000001	MS_EPI	-1	-8.061966896057129	0.8293967247009277
Hotmix_HM154_3m	3	SRF	MS	35.986999999999995	-5.367000000000001	MS_SRF	25	10.509929656982422	3.7829768657684326
Hotmix_HM155_1447m	1447	BAT	NAO	36.016999999999996	-7.9670000000000005	NAO_BAT	6	0.35412871837615967	6.117464542388916
Hotmix_HM156_800m	800	MES	NAO	36.016999999999996	-7.9670000000000005	NAO_MES	18	7.792695999145508	7.541444301605225
Hotmix_HM157_3518m	3518	BAT	NAO	35.385999999999996	-9.615	NAO_BAT	10	9.1406831741333	7.009559154510498
Hotmix_HM158_2000m	2000	BAT	NAO	35.385999999999996	-9.615	NAO_BAT	25	10.881856918334961	3.8101861476898193
Hotmix_HM159_1250m	1250	BAT	NAO	35.385999999999996	-9.615	NAO_BAT	16	12.650276184082031	2.3769161701202393
Hotmix_HM160_75m	75	DCM	NAO	35.385999999999996	-9.615	NAO_DCM	-1	-8.041793823242188	0.8495345115661621
Hotmix_HM161_50m	50	EPI	NAO	35.385999999999996	-9.615	NAO_EPI	22	3.2642409801483154	4.706174850463867
Hotmix_HM162_3m	3	SRF	NAO	35.385999999999996	-9.615	NAO_SRF	23	2.430009603500366	4.702182292938232
Hotmix_HM163_550m	550	MES	NAO	35.385999999999996	-9.615	NAO_MES	6	-0.5678130984306335	6.6902594566345215
Hotmix_HM164_200m	200	MES	NAO	35.385999999999996	-9.615	NAO_MES	18	8.108443260192871	7.692059516906738
Hotmix_HM165_4539m	4539	BAT	NAO	34.584	-11.585999999999999	NAO_BAT	10	9.087652206420898	7.053991317749023
Hotmix_HM166_2000m	2000	BAT	NAO	34.584	-11.585999999999999	NAO_BAT	25	10.958643913269043	3.7519404888153076
Hotmix_HM167_1200m	1200	BAT	NAO	34.584	-11.585999999999999	NAO_BAT	4	1.2463996410369873	-1.8990439176559448
Hotmix_HM168_85m	85	DCM	NAO	34.584	-11.585999999999999	NAO_DCM	-1	3.5107369422912598	4.038602352142334
Hotmix_HM169_50m	50	EPI	NAO	34.584	-11.585999999999999	NAO_EPI	5	2.7587151527404785	3.8974523544311523
Hotmix_HM170_3m	3	SRF	NAO	34.584	-11.585999999999999	NAO_SRF	23	2.4376978874206543	4.681636333465576
Hotmix_HM171_513m	513	MES	NAO	34.584	-11.585	NAO_MES	6	-0.5196492075920105	6.65087890625
Hotmix_HM172_200m	200	MES	NAO	34.584	-11.585	NAO_MES	5	2.761448621749878	3.865586280822754
Hotmix_HM173_4082m	4082	BAT	NAO	33.021	-12.241	NAO_BAT	10	9.119802474975586	7.018994331359863
Hotmix_HM174_2000m	2000	BAT	NAO	33.021	-12.241	NAO_BAT	-1	11.196720123291016	4.062792778015137
Hotmix_HM175_1250m	1250	BAT	NAO	33.021	-12.241	NAO_BAT	4	1.231595754623413	-1.882068157196045
Hotmix_HM176_85m	85	DCM	NAO	33.021	-12.241	NAO_DCM	23	2.7080612182617188	4.3265790939331055
Hotmix_HM177_50m	50	EPI	NAO	33.021	-12.241	NAO_EPI	22	3.010101079940796	4.570271968841553
Hotmix_HM178_3m	3	SRF	NAO	33.021	-12.241	NAO_SRF	23	2.7814738750457764	4.29546594619751
Hotmix_HM179_550m	550	MES	NAO	33.021	-12.24	NAO_MES	4	1.0174400806427002	-2.485978603363037
Hotmix_HM180_200m	200	MES	NAO	33.021	-12.24	NAO_MES	18	7.844483852386475	7.517489910125732
Hotmix_HM181_3209m	3209	BAT	NAO	31.25	-12.977	NAO_BAT	18	7.768874168395996	7.555048942565918
Hotmix_HM182_2000m	2000	BAT	NAO	31.25	-12.977	NAO_BAT	25	11.111122131347656	3.9878227710723877
Hotmix_HM183_1250m	1250	BAT	NAO	31.25	-12.977	NAO_BAT	6	0.4675427973270416	6.0513739585876465
Hotmix_HM184_70m	70	DCM	NAO	31.25	-12.975999999999999	NAO_DCM	13	1.3334606885910034	4.184957504272461
Hotmix_HM185_50m	50	EPI	NAO	31.25	-12.975999999999999	NAO_EPI	22	3.1612539291381836	4.635255336761475
Hotmix_HM186_3m	3	SRF	NAO	31.25	-12.975999999999999	NAO_SRF	19	7.7960968017578125	5.737936973571777
Hotmix_HM187_555m	555	MES	NAO	31.25	-12.975999999999999	NAO_MES	6	-0.5280880331993103	6.648322582244873
Hotmix_HM188_200m	200	MES	NAO	31.25	-12.975999999999999	NAO_MES	9	4.03908109664917	3.325962781906128
MalaDeep_ST103_4000m	4000	BAT	NPO	21.064	-150.319	NPO_BAT	10	9.574037551879883	7.023874282836914
MalaDeep_ST109_4000m	4000	BAT	NPO	18.028	-133.26	NPO_BAT	10	9.635780334472656	7.098675727844238
MalaDeep_ST10_3944m	4000	BAT	NPO	21.064	-150.319	NPO_BAT	18	8.053647994995117	6.982855319976807
MalaDeep_ST112_4000m	4000	BAT	NPO	15.909	-124.47399999999999	NPO_BAT	19	7.87615966796875	6.180941104888916
MalaDeep_ST118_3200m	3200	BAT	NPO	12.001	-108.07600000000001	NPO_BAT	19	7.933755397796631	6.364877700805664
MalaDeep_ST121_3000m	3000	BAT	NPO	10.093	-99.24600000000001	NPO_BAT	10	9.549308776855469	6.661338806152344
MalaDeep_ST131_4000m	4000	BAT	NAO	17.427	-59.828	NAO_BAT	10	9.667622566223145	7.1460041999816895
MalaDeep_ST134_4000m	4000	BAT	NAO	19.99	-52.637	NAO_BAT	10	9.177663803100586	6.9816718101501465
MalaDeep_ST23_3942m	3942	BAT	SAO	-15.831	-33.403	SAO_BAT	10	9.635255813598633	7.119988441467285
MalaDeep_ST26_3847m	3847	BAT	SAO	-22.955	-36.925	SAO_BAT	19	7.991370677947998	6.697931289672852
MalaDeep_ST41_4000m	4000	BAT	SAO	-31.831999999999997	6.857	SAO_BAT	19	7.955173969268799	6.35927677154541
MalaDeep_ST77_4000m	4000	BAT	SPO	-38.621	150.417	SPO_BAT	10	9.453526496887207	6.793726444244385
MalaDeep_ST97_4000m	4000	BAT	NPO	9.201	-163.495	NPO_BAT	19	7.9560041427612305	6.365677356719971
MalaSurf_MD1013_3m	3	SRF	IO	-29.354	69.4	IO_SRF	15	13.1837797164917	2.188281774520874
MalaSurf_MD1035_3m	3	SRF	IO	-29.561	72.444	IO_SRF	24	10.296253204345703	4.943360328674316
MalaSurf_MD1042_3m	3	SRF	IO	-29.904	76.093	IO_SRF	6	1.514721155166626	5.944219589233398
MalaSurf_MD1080_3m	3	SRF	IO	-29.828000000000003	79.611	IO_SRF	6	0.904370129108429	6.750767707824707
MalaSurf_MD1100_3m	3	SRF	IO	-29.811	82.62299999999999	IO_SRF	6	0.768821120262146	6.633488655090332
MalaSurf_MD111_3m	3	SRF	NAO	16.164	-26.026	NAO_SRF	29	6.927839756011963	12.202168464660645
MalaSurf_MD1125_3m	3	SRF	IO	-29.749000000000002	86.257	IO_SRF	6	0.5197269916534424	6.030679702758789
MalaSurf_MD1143_3m	3	SRF	IO	-29.627	92.984	IO_SRF	4	1.2439930438995361	-1.886803388595581
MalaSurf_MD1176_3m	3	SRF	IO	-29.574	96.40700000000001	IO_SRF	17	9.4869966506958	6.094482421875
MalaSurf_MD1186_3m	3	SRF	IO	-30.333000000000002	103.30799999999999	IO_SRF	21	4.3400750160217285	11.036027908325195
MalaSurf_MD1209_3m	3	SRF	IO	-30.328000000000003	103.31700000000001	IO_SRF	11	5.081356048583984	9.520339965820312
MalaSurf_MD1222_3m	3	SRF	IO	-30.811	107.23700000000001	IO_SRF	20	3.4463024139404297	10.209906578063965
MalaSurf_MD1246_3m	3	SRF	IO	-31.134	110.20700000000001	IO_SRF	25	10.088696479797363	3.8595423698425293
MalaSurf_MD1254_3m	3	SRF	IO	-31.554000000000002	113.46700000000001	IO_SRF	28	6.274754047393799	11.918485641479492
MalaSurf_MD1260_3m	3	SRF	IO	-31.554000000000002	113.46700000000001	IO_SRF	21	4.728343963623047	10.156559944152832
MalaSurf_MD1293_3m	3	SRF	IO	-35.983000000000004	117.40700000000001	IO_SRF	14	12.583783149719238	3.8039352893829346
MalaSurf_MD1302_3m	3	SRF	IO	-36.639	120.85600000000001	IO_SRF	11	5.231450080871582	9.326730728149414
MalaSurf_MD1318_3m	3	SRF	IO	-37.239000000000004	124.898	IO_SRF	14	12.8261079788208	3.56754469871521
MalaSurf_MD1324_3m	3	SRF	IO	-37.239000000000004	124.898	IO_SRF	20	3.5339834690093994	10.287297248840332
MalaSurf_MD1331_3m	3	SRF	IO	-37.889	127.75	IO_SRF	29	6.680918216705322	12.310564994812012
MalaSurf_MD1354_3m	3	SRF	IO	-38.578	131.507	IO_SRF	26	6.232516288757324	13.153091430664062
MalaSurf_MD1368_3m	3	SRF	IO	-39.243	135.139	IO_SRF	28	6.028924942016602	11.458786964416504
MalaSurf_MD1398_3m	3	SRF	IO	-39.867	138.735	IO_SRF	28	6.096097946166992	11.53968334197998
MalaSurf_MD141_3m	3	SRF	NAO	14.52	-26.0	NAO_SRF	29	6.752716541290283	12.133634567260742
MalaSurf_MD1421_3m	3	SRF	IO	-40.55	142.497	IO_SRF	28	6.118804931640625	11.830045700073242
MalaSurf_MD1425_3m	3	SRF	SPO	-38.621	150.417	SPO_SRF	0	15.590940475463867	-1.5308585166931152
MalaSurf_MD1459_3m	3	SRF	SPO	-36.641999999999996	151.006	SPO_SRF	24	11.703457832336426	4.27571964263916
MalaSurf_MD1475_5m	5	SRF	SPO	-34.056	176.016	SPO_SRF	27	5.125115394592285	11.72226619720459
MalaSurf_MD1479_5m	5	SRF	SPO	-28.406	179.141	SPO_SRF	21	4.718733787536621	10.345600128173828
MalaSurf_MD1490_3m	3	SRF	SPO	-25.49	-179.524	SPO_SRF	21	4.71920108795166	10.343934059143066
MalaSurf_MD1517_3m	3	SRF	SPO	-23.377	-178.21099999999998	SPO_SRF	28	6.296134948730469	11.233537673950195
MalaSurf_MD1537_3m	3	SRF	SPO	-18.561	-175.82299999999998	SPO_SRF	14	13.621355056762695	4.485781669616699
MalaSurf_MD1559_3m	3	SRF	SPO	-15.902999999999999	-174.487	SPO_SRF	29	6.9677629470825195	12.340727806091309
MalaSurf_MD1589_3m	3	SRF	SPO	-13.530999999999999	-173.372	SPO_SRF	17	9.45142936706543	6.13472318649292
MalaSurf_MD1607_3m	3	SRF	SPO	-11.242	-172.63	SPO_SRF	29	7.027962684631348	12.258580207824707
MalaSurf_MD1629_3m	3	SRF	SPO	-9.474	-172.298	SPO_SRF	16	12.625843048095703	2.470041275024414
MalaSurf_MD1672_3m	3	SRF	SPO	-3.41	-169.463	SPO_SRF	21	4.387209415435791	10.948739051818848
MalaSurf_MD1700_3m	3	SRF	SPO	-1.3030000000000002	-168.354	SPO_SRF	21	4.681928634643555	10.196663856506348
MalaSurf_MD1724_3m	3	SRF	NPO	1.599	-166.85	NPO_SRF	27	5.162641525268555	11.756120681762695
MalaSurf_MD1744_3m	3	SRF	NPO	3.748	-165.773	NPO_SRF	11	5.13768196105957	9.436592102050781
MalaSurf_MD1772_3m	3	SRF	NPO	6.992000000000001	-164.372	NPO_SRF	6	1.2114967107772827	6.943448066711426
MalaSurf_MD1798_3m	3	SRF	NPO	9.201	-163.495	NPO_SRF	17	9.467306137084961	6.1118011474609375
MalaSurf_MD1811_3m	3	SRF	NPO	11.593	-162.41	NPO_SRF	29	6.931171417236328	12.32393741607666
MalaSurf_MD1857_3m	3	SRF	NPO	21.89	-155.664	NPO_SRF	21	4.434394359588623	10.917991638183594
MalaSurf_MD1885_3m	3	SRF	NPO	21.57	-153.418	NPO_SRF	26	6.449671268463135	13.017765998840332
MalaSurf_MD1887_3m	3	SRF	NPO	21.064	-150.319	NPO_SRF	21	4.654380798339844	10.644941329956055
MalaSurf_MD1928_3m	3	SRF	NPO	20.784000000000002	-148.269	NPO_SRF	29	7.054101943969727	12.276737213134766
MalaSurf_MD1956_3m	3	SRF	NPO	19.892	-141.59	NPO_SRF	27	5.147819995880127	11.695805549621582
MalaSurf_MD1964_3m	3	SRF	NPO	19.279	-138.965	NPO_SRF	27	5.148306369781494	11.70795726776123
MalaSurf_MD196_3m	3	SRF	NAO	9.564	-25.993000000000002	NAO_SRF	29	6.5969014167785645	12.091301918029785
MalaSurf_MD2004_3m	3	SRF	NPO	18.653	-136.178	NPO_SRF	14	13.619757652282715	4.484132289886475
MalaSurf_MD2008_3m	3	SRF	NPO	18.028	-133.26	NPO_SRF	28	6.001494407653809	12.104853630065918
MalaSurf_MD202_3m	3	SRF	NAO	7.324	-25.996	NAO_SRF	28	8.519190788269043	4.074698448181152
MalaSurf_MD2047_3m	3	SRF	NPO	17.37	-130.611	NPO_SRF	28	5.961848258972168	12.111016273498535
MalaSurf_MD2051_3m	3	SRF	NPO	15.909	-124.47	NPO_SRF	29	7.046557426452637	12.300318717956543
MalaSurf_MD2094_3m	3	SRF	NPO	14.529000000000002	-118.774	NPO_SRF	29	6.9085259437561035	12.367127418518066
MalaSurf_MD2111_3m	3	SRF	NPO	13.804	-115.756	NPO_SRF	21	4.671119689941406	10.853132247924805
MalaSurf_MD214_3m	3	SRF	NAO	4.989	-26.005	NAO_SRF	28	8.525522232055664	4.091029644012451
MalaSurf_MD2151_3m	3	SRF	NPO	13.205	-113.256	NPO_SRF	-1	3.7807962894439697	9.6610746383667
MalaSurf_MD2155_3m	3	SRF	NPO	12.001	-108.07600000000001	NPO_SRF	21	4.387895584106445	11.002981185913086
MalaSurf_MD2215_3m	3	SRF	NPO	11.354000000000001	-105.01100000000001	NPO_SRF	20	3.4825291633605957	10.248451232910156
MalaSurf_MD2243_3m	3	SRF	NPO	10.759	-102.44200000000001	NPO_SRF	28	6.081597328186035	12.005046844482422
MalaSurf_MD2247_3m	3	SRF	NPO	10.093	-99.24600000000001	NPO_SRF	-1	3.748816967010498	9.695709228515625
MalaSurf_MD2304_3m	3	SRF	NPO	9.446	-96.34100000000001	NPO_SRF	-1	3.7591922283172607	9.686942100524902
MalaSurf_MD2332_3m	3	SRF	NPO	8.142000000000001	-90.365	NPO_SRF	12	1.6211825609207153	4.543752670288086
MalaSurf_MD2340_3m	3	SRF	NPO	7.224	-87.96	NPO_SRF	20	3.534132242202759	10.281637191772461
MalaSurf_MD2380_3m	3	SRF	NPO	5.912000000000001	-84.795	NPO_SRF	29	7.040401935577393	12.242128372192383
MalaSurf_MD2408_3m	3	SRF	NAO	12.363	-74.039	NAO_SRF	11	5.225203514099121	9.333409309387207
MalaSurf_MD2436_3m	3	SRF	NAO	14.158	-71.673	NAO_SRF	26	6.241570949554443	13.203231811523438
MalaSurf_MD2448_3m	3	SRF	NAO	15.069	-69.295	NAO_SRF	11	5.259471416473389	9.296059608459473
MalaSurf_MD2474_3m	3	SRF	NAO	15.525	-67.014	NAO_SRF	11	5.280328273773193	9.275278091430664
MalaSurf_MD2516_3m	3	SRF	NAO	17.427	-59.828	NAO_SRF	26	6.442915916442871	13.025379180908203
MalaSurf_MD254_3m	3	SRF	NAO	2.457	-26.009	NAO_SRF	14	13.61220645904541	4.479294776916504
MalaSurf_MD2562_3m	3	SRF	NAO	18.064	-57.803000000000004	NAO_SRF	11	5.132880210876465	9.451870918273926
MalaSurf_MD2594_3m	3	SRF	NAO	18.996	-55.15	NAO_SRF	21	4.542516708374023	10.790444374084473
MalaSurf_MD2624_3m	3	SRF	NAO	19.99	-52.637	NAO_SRF	28	6.676224708557129	11.134637832641602
MalaSurf_MD2662_3m	3	SRF	NAO	20.804000000000002	-50.143	NAO_SRF	20	3.44316029548645	10.204607009887695
MalaSurf_MD266_3m	3	SRF	SAO	-3.03	-27.326	SAO_SRF	29	6.586754322052002	11.92156982421875
MalaSurf_MD2723_3m	3	SRF	NAO	23.735	-41.902	NAO_SRF	29	6.875336170196533	12.386347770690918
MalaSurf_MD2751_3m	3	SRF	NAO	24.845	-38.71	NAO_SRF	6	-0.5789520144462585	6.700675964355469
MalaSurf_MD2761_3m	3	SRF	NAO	26.11	-35.258	NAO_SRF	-1	3.967944622039795	-3.7962753772735596
MalaSurf_MD2821_3m	3	SRF	NAO	26.910999999999998	-32.836999999999996	NAO_SRF	4	1.2104610204696655	-1.945163607597351
MalaSurf_MD285_3m	3	SRF	SAO	-4.779	-28.169	SAO_SRF	14	12.769631385803223	3.628085136413574
MalaSurf_MD2864_3m	3	SRF	NAO	28.875	-26.951	NAO_SRF	6	1.1364710330963135	6.861320495605469
MalaSurf_MD28_3m	3	SRF	NAO	35.135	-9.517000000000001	NAO_SRF	27	5.132986068725586	11.733271598815918
MalaSurf_MD2956_3m	3	SRF	NAO	30.965999999999998	-20.65	NAO_SRF	20	3.439530849456787	10.189297676086426
MalaSurf_MD2973_3m	3	SRF	NAO	32.079	-17.266	NAO_SRF	-1	3.6411755084991455	9.816359519958496
MalaSurf_MD311_3m	3	SRF	SAO	-7.2829999999999995	-29.322	SAO_SRF	26	6.2446160316467285	13.199911117553711
MalaSurf_MD346_3m	3	SRF	SAO	-13.735999999999999	-32.376	SAO_SRF	26	6.240161895751953	13.197542190551758
MalaSurf_MD366_3m	3	SRF	SAO	-15.831	-33.403	SAO_SRF	14	12.828079223632812	3.552839994430542
MalaSurf_MD389_3m	3	SRF	SAO	-18.424	-34.644	SAO_SRF	28	6.24858283996582	11.884453773498535
MalaSurf_MD40_3m	3	SRF	NAO	34.001	-12.780999999999999	NAO_SRF	24	11.589431762695312	4.324518203735352
MalaSurf_MD417_3m	3	SRF	SAO	-21.093000000000004	-35.972	SAO_SRF	6	1.6538528203964233	5.576904773712158
MalaSurf_MD439_3m	3	SRF	SAO	-22.955	-36.925	SAO_SRF	29	6.624352931976318	11.935016632080078
MalaSurf_MD458_3m	3	SRF	SAO	-24.315	-36.222	SAO_SRF	16	12.520179748535156	1.6412370204925537
MalaSurf_MD486_3m	3	SRF	SAO	-24.791999999999998	-33.476	SAO_SRF	28	6.053149223327637	11.495767593383789
MalaSurf_MD506_3m	3	SRF	SAO	-25.427	-30.07	SAO_SRF	9	4.303159713745117	3.0934629440307617
MalaSurf_MD528_3m	3	SRF	SAO	-25.868000000000002	-27.566999999999997	SAO_SRF	9	4.299774169921875	3.080921173095703
MalaSurf_MD52_3m	3	SRF	NAO	29.683000000000003	-17.288	NAO_SRF	17	9.508411407470703	6.06454610824585
MalaSurf_MD550_3m	3	SRF	SAO	-26.947	-21.4	SAO_SRF	6	1.5403856039047241	5.886754989624023
MalaSurf_MD575_3m	3	SRF	SAO	-27.553	-18.089000000000002	SAO_SRF	27	5.3316755294799805	11.848844528198242
MalaSurf_MD591_3m	3	SRF	SAO	-28.090999999999998	-14.790999999999999	SAO_SRF	6	1.0204977989196777	6.831145763397217
MalaSurf_MD60_3m	3	SRF	NAO	28.701999999999998	-18.871	NAO_SRF	10	9.506553649902344	6.644234657287598
MalaSurf_MD621_3m	3	SRF	SAO	-28.649	-11.812000000000001	SAO_SRF	6	0.9388017654418945	6.755046367645264
MalaSurf_MD646_3m	3	SRF	SAO	-29.767	-5.315	SAO_SRF	16	12.527122497558594	1.6562494039535522
MalaSurf_MD64_3m	3	SRF	NAO	24.971999999999998	-21.053	NAO_SRF	14	12.670790672302246	3.7117559909820557
MalaSurf_MD664_3m	3	SRF	SAO	-30.261999999999997	-2.435	SAO_SRF	14	12.821264266967773	3.549682378768921
MalaSurf_MD684_3m	3	SRF	SAO	-30.881999999999998	0.968	SAO_SRF	14	12.770448684692383	3.6255102157592773
MalaSurf_MD712_3m	3	SRF	SAO	-31.308000000000003	3.7489999999999997	SAO_SRF	14	12.654706954956055	3.8526546955108643
MalaSurf_MD734_3m	3	SRF	SAO	-31.831999999999997	6.857	SAO_SRF	25	8.32890510559082	4.32388973236084
MalaSurf_MD753_3m	3	SRF	SAO	-32.813	12.769	SAO_SRF	16	12.964664459228516	2.3557050228118896
MalaSurf_MD778_3m	3	SRF	SAO	-33.233000000000004	15.34	SAO_SRF	23	3.5920560359954834	4.7964677810668945
MalaSurf_MD806_3m	3	SRF	IO	-35.135999999999996	25.563000000000002	IO_SRF	0	15.52457046508789	-1.5442334413528442
MalaSurf_MD834_3m	3	SRF	IO	-34.836999999999996	27.549	IO_SRF	6	1.623360276222229	5.667916774749756
MalaSurf_MD854_3m	3	SRF	IO	-34.44	31.112	IO_SRF	11	5.225918769836426	9.331536293029785
MalaSurf_MD876_3m	3	SRF	IO	-33.907	37.042	IO_SRF	28	6.043292999267578	11.84447193145752
MalaSurf_MD897_3m	3	SRF	IO	-33.563	39.885	IO_SRF	28	6.066768169403076	12.007678031921387
MalaSurf_MD916_3m	3	SRF	IO	-33.194	43.248000000000005	IO_SRF	5	1.9015403985977173	5.2315778732299805
MalaSurf_MD940_3m	3	SRF	IO	-30.055	61.431000000000004	IO_SRF	28	6.124858856201172	11.553244590759277
MalaSurf_MD962_3m	3	SRF	IO	-27.978	63.248000000000005	IO_SRF	9	4.098578929901123	3.2708873748779297
MalaSurf_MD985_3m	3	SRF	IO	-28.128	66.493	IO_SRF	25	9.565223693847656	4.2609782218933105
MalaSurf_MD98_3m	3	SRF	NAO	21.45	-23.455	NAO_SRF	19	7.694381237030029	5.721307277679443
MalaVP_DNA_D1001_4000m	4000	BAT	IO	-29.354	69.4	IO_BAT	14	12.669130325317383	3.710498094558716
MalaVP_DNA_D1003_2500m	2500	BAT	IO	-29.354	69.4	IO_BAT	25	10.136286735534668	3.848814010620117
MalaVP_DNA_D1005_1065m	1065	BAT	IO	-29.354	69.4	IO_BAT	16	12.74233627319336	2.1428067684173584
MalaVP_DNA_D1007_715m	715	MES	IO	-29.354	69.4	IO_MES	0	15.45199966430664	-1.7765636444091797
MalaVP_DNA_D1009_400m	400	MES	IO	-29.354	69.4	IO_MES	14	12.71346378326416	3.661980628967285
MalaVP_DNA_D1011_130m	130	DCM	IO	-29.354	69.4	IO_DCM	8	4.42717981338501	-3.75675630569458
MalaVP_DNA_D1156_2600m	2600	BAT	IO	-29.574	96.40700000000001	IO_BAT	0	16.087528228759766	-2.1126182079315186
MalaVP_DNA_D1158_950m	950	MES	IO	-29.574	96.40700000000001	IO_MES	0	16.276546478271484	-2.934220790863037
MalaVP_DNA_D1160_1790m	1790	BAT	IO	-29.574	96.40700000000001	IO_BAT	0	15.537487030029297	-1.8577200174331665
MalaVP_DNA_D1168_650m	650	MES	IO	-29.574	96.40700000000001	IO_MES	0	16.606163024902344	-2.2836124897003174
MalaVP_DNA_D1170_3m	3	SRF	IO	-29.574	96.40700000000001	IO_SRF	25	9.531900405883789	4.493589401245117
MalaVP_DNA_D1172_115m	115	DCM	IO	-29.574	96.40700000000001	IO_DCM	8	4.49107551574707	-3.81891131401062
MalaVP_DNA_D1180_420m	420	MES	IO	-29.574	96.40700000000001	IO_MES	18	8.183603286743164	7.139429092407227
MalaVP_DNA_D1660_4000m	4000	BAT	SPO	-3.41	-169.463	SPO_BAT	0	15.33478832244873	-1.3833036422729492
MalaVP_DNA_D1662_1500m	1500	BAT	SPO	-3.41	-169.463	SPO_BAT	0	15.550088882446289	-1.940225601196289
MalaVP_DNA_D1664_650m	650	MES	SPO	-3.41	-169.463	SPO_MES	0	15.41386604309082	-1.8158822059631348
MalaVP_DNA_D1666_580m	580	MES	SPO	-3.41	-169.463	SPO_MES	16	12.350170135498047	2.650747299194336
MalaVP_DNA_D1668_450m	450	MES	SPO	-3.41	-169.463	SPO_MES	16	12.541242599487305	2.435357093811035
MalaVP_DNA_D1672_3m	3	SRF	SPO	-3.41	-169.463	SPO_SRF	15	13.221250534057617	2.1660280227661133
MalaVP_DNA_D1684_65m	65	DCM	SPO	-3.41	-169.463	SPO_DCM	13	1.471915364265442	4.050976753234863
MalaVP_DNA_D1758_3m	3	SRF	NPO	6.992000000000001	-164.372	NPO_SRF	8	4.786901473999023	-4.049264430999756
MalaVP_DNA_D1760_4000m	4000	BAT	NPO	6.992000000000001	-164.372	NPO_BAT	14	12.956892013549805	3.283221960067749
MalaVP_DNA_D1762_2000m	2000	BAT	NPO	6.992000000000001	-164.372	NPO_BAT	0	16.077913284301758	-2.5518763065338135
MalaVP_DNA_D1764_750m	750	MES	NPO	6.992000000000001	-164.372	NPO_MES	25	10.455354690551758	3.8060085773468018
MalaVP_DNA_D1766_600m	600	MES	NPO	6.992000000000001	-164.372	NPO_MES	-1	13.026728630065918	2.3558743000030518
MalaVP_DNA_D1768_400m	400	MES	NPO	6.992000000000001	-164.372	NPO_MES	16	12.385392189025879	2.613889217376709
MalaVP_DNA_D1770_80m	80	DCM	NPO	6.992000000000001	-164.372	NPO_DCM	7	5.4109978675842285	-4.31342077255249
MalaVP_DNA_D2021_4000m	4000	BAT	NPO	17.37	-130.611	NPO_BAT	0	15.43956470489502	-1.6874253749847412
MalaVP_DNA_D2023_2000m	2000	BAT	NPO	17.37	-130.611	NPO_BAT	0	15.408576965332031	-2.279419422149658
MalaVP_DNA_D2025_500m	500	MES	NPO	17.37	-130.611	NPO_MES	25	10.273186683654785	3.826491594314575
MalaVP_DNA_D2027_400m	400	MES	NPO	17.37	-130.611	NPO_MES	0	16.344358444213867	-2.172398090362549
MalaVP_DNA_D2029_200m	200	MES	NPO	17.37	-130.611	NPO_MES	24	11.530802726745605	4.3287763595581055
MalaVP_DNA_D2031_110m	110	DCM	NPO	17.37	-130.611	NPO_DCM	8	4.185649394989014	-3.7407877445220947
MalaVP_DNA_D2033_3m	3	SRF	NPO	17.37	-130.611	NPO_SRF	7	5.272336959838867	-4.248577117919922
MalaVP_DNA_D2219_2000m	2000	BAT	NPO	10.759	-102.44200000000001	NPO_BAT	0	16.469451904296875	-2.837456226348877
MalaVP_DNA_D2221_780m	780	MES	NPO	10.759	-102.44200000000001	NPO_MES	0	16.27810287475586	-2.997222661972046
MalaVP_DNA_D2223_600m	600	MES	NPO	10.759	-102.44200000000001	NPO_MES	0	16.13412857055664	-3.033679246902466
MalaVP_DNA_D2225_280m	280	MES	NPO	10.759	-102.44200000000001	NPO_MES	16	12.493913650512695	2.2313618659973145
MalaVP_DNA_D2227_37m	37	DCM	NPO	10.759	-102.44200000000001	NPO_DCM	5	2.7637619972229004	3.848698616027832
MalaVP_DNA_D2229_3m	3	SRF	NPO	10.759	-102.44200000000001	NPO_SRF	9	4.028987884521484	3.3254237174987793
MalaVP_DNA_D2410_3100m	3100	BAT	NAO	14.158	-71.673	NAO_BAT	15	13.473429679870605	1.8168002367019653
MalaVP_DNA_D2412_2400m	2400	BAT	NAO	14.158	-71.673	NAO_BAT	15	13.406557083129883	1.910901427268982
MalaVP_DNA_D2414_2000m	2000	BAT	NAO	14.158	-71.673	NAO_BAT	0	15.446248054504395	-2.1830766201019287
MalaVP_DNA_D2416_800m	800	MES	NAO	14.158	-71.673	NAO_MES	16	12.5650053024292	2.2932043075561523
MalaVP_DNA_D2418_460m	460	MES	NAO	14.158	-71.673	NAO_MES	19	7.896829605102539	6.361676216125488
MalaVP_DNA_D2420_106m	106	DCM	NAO	14.158	-71.673	NAO_DCM	0	16.15178680419922	-3.1214752197265625
MalaVP_DNA_D2422_3m	3	SRF	NAO	14.158	-71.673	NAO_SRF	8	4.772177696228027	-4.023255348205566
MalaVP_DNA_D271_3m	3	SRF	SAO	-4.779	-28.169	SAO_SRF	9	4.321969985961914	3.032968044281006
MalaVP_DNA_D273_4000m	4000	BAT	SAO	-4.779	-28.169	SAO_BAT	16	12.523245811462402	1.6565682888031006
MalaVP_DNA_D275_1700m	1700	BAT	SAO	-4.779	-28.169	SAO_BAT	16	12.465733528137207	2.0740067958831787
MalaVP_DNA_D277_800m	800	MES	SAO	-4.779	-28.169	SAO_MES	0	16.639373779296875	-2.3108105659484863
MalaVP_DNA_D2795_4000m	4000	BAT	NAO	26.910999999999998	-32.836999999999996	NAO_BAT	0	16.126991271972656	-3.1619486808776855
MalaVP_DNA_D2797_2500m	2500	BAT	NAO	26.910999999999998	-32.836999999999996	NAO_BAT	0	16.151981353759766	-3.1476681232452393
MalaVP_DNA_D279_450m	450	MES	SAO	-4.779	-28.169	SAO_MES	0	16.637256622314453	-2.301260232925415
MalaVP_DNA_D2803_430m	430	MES	NAO	26.910999999999998	-32.836999999999996	NAO_MES	0	16.189586639404297	-3.108384132385254
MalaVP_DNA_D281_80m	80	DCM	SAO	-4.779	-28.169	SAO_DCM	7	5.374431610107422	-4.269680976867676
MalaVP_DNA_D283_110m	110	DCM	SAO	-4.779	-28.169	SAO_DCM	7	5.535964488983154	-4.298222064971924
MalaVP_DNA_D514_3m	3	SRF	SAO	-25.868000000000002	-27.566999999999997	SAO_SRF	8	4.791441440582275	-4.05509090423584
MalaVP_DNA_D516_4000m	4000	BAT	SAO	-25.868000000000002	-27.566999999999997	SAO_BAT	0	16.04277229309082	-2.162980079650879
MalaVP_DNA_D518_3300m	3300	BAT	SAO	-25.868000000000002	-27.566999999999997	SAO_BAT	0	15.482596397399902	-2.251215934753418
MalaVP_DNA_D520_2400m	2400	BAT	SAO	-25.868000000000002	-27.566999999999997	SAO_BAT	0	16.140989303588867	-2.972581148147583
MalaVP_DNA_D522_850m	850	MES	SAO	-25.868000000000002	-27.566999999999997	SAO_MES	16	12.78480052947998	2.064995288848877
MalaVP_DNA_D524_550m	550	MES	SAO	-25.868000000000002	-27.566999999999997	SAO_MES	15	13.504011154174805	1.7770723104476929
MalaVP_DNA_D526_130m	130	DCM	SAO	-25.868000000000002	-27.566999999999997	SAO_DCM	8	4.745837211608887	-4.00758695602417
MalaVP_DNA_D66_3m	3	SRF	NAO	23.274	-22.221999999999998	NAO_SRF	8	4.814281940460205	-4.072929859161377
MalaVP_DNA_D670_3m	3	SRF	SAO	-30.881999999999998	0.968	SAO_SRF	-1	-8.01614761352539	0.8751603960990906
MalaVP_DNA_D672_4000m	4000	BAT	SAO	-30.881999999999998	0.968	SAO_BAT	16	13.047276496887207	2.2184154987335205
MalaVP_DNA_D674_3080m	3080	BAT	SAO	-30.881999999999998	0.968	SAO_BAT	10	9.524538040161133	6.707624912261963
MalaVP_DNA_D676_1290m	1290	BAT	SAO	-30.881999999999998	0.968	SAO_BAT	0	15.694097518920898	-1.6382161378860474
MalaVP_DNA_D678_800m	800	MES	SAO	-30.881999999999998	0.968	SAO_MES	0	16.32856559753418	-2.95877742767334
MalaVP_DNA_D680_540m	540	MES	SAO	-30.881999999999998	0.968	SAO_MES	0	15.65495777130127	-1.6672104597091675
MalaVP_DNA_D682_110m	110	DCM	SAO	-30.881999999999998	0.968	SAO_DCM	7	5.681625843048096	-4.219560146331787
MalaVP_DNA_D76_700m	700	MES	NAO	23.274	-22.221999999999998	NAO_MES	25	10.109786033630371	3.853687047958374
MalaVP_DNA_D78_430m	430	MES	NAO	23.274	-22.221999999999998	NAO_MES	25	10.114228248596191	3.850764751434326
MalaVP_DNA_D80_88m	88	DCM	NAO	23.274	-22.221999999999998	NAO_DCM	6	1.9120491743087769	-1.6802018880844116
MalaVP_DNA_D862_3m	3	SRF	IO	-33.907	37.042	IO_SRF	25	8.917256355285645	4.193850517272949
MalaVP_DNA_D864_4000m	4000	BAT	IO	-33.907	37.042	IO_BAT	15	13.380025863647461	1.957329511642456
MalaVP_DNA_D866_3000m	3000	BAT	IO	-33.907	37.042	IO_BAT	24	10.46505069732666	4.956220626831055
MalaVP_DNA_D868_1200m	1200	BAT	IO	-33.907	37.042	IO_BAT	0	16.426286697387695	-2.89298939704895
MalaVP_DNA_D870_800m	800	MES	IO	-33.907	37.042	IO_MES	-1	10.396770477294922	4.996795177459717
MalaVP_DNA_D872_450m	450	MES	IO	-33.907	37.042	IO_MES	6	0.010298606939613819	6.508901596069336
MalaVP_DNA_D874_86m	86	DCM	IO	-33.907	37.042	IO_DCM	8	4.660138130187988	-3.940420389175415
MalaVP_DNA_D999_3m	3	SRF	IO	-29.354	69.4	IO_SRF	23	2.953340530395508	4.203858852386475
